Equation,Hidden units,Mean validation MSE,Best overall MSE,Seed of best trial,Selected
Output gap equation,1,0.01752857098467077,0.03691788199932486,10141,yes
Output gap equation,2,0.020457900911462133,0.03474170067486467,20142,
Output gap equation,3,0.03556778344615115,0.03171191990528423,30132,
Output gap equation,4,0.031467441014311676,0.031234950634287932,40148,
Output gap equation,5,0.03667868832069278,0.03123156439429619,50135,
Output gap equation,6,0.05798257112601013,0.03119755925058227,60136,
Output gap equation,7,0.03934810191933495,0.027514750416745812,70151,
Output gap equation,8,0.038702251691320376,0.026358487318829314,80142,
Output gap equation,9,0.06419417328574566,0.029843745641264637,90124,
Output gap equation,10,0.06825356068588717,0.026099967295177377,100132,
Inflation equation,1,0.03315665388014006,0.015539800915136888,10479,
Inflation equation,2,0.031629468362245255,0.010201993586107115,20466,yes
Inflation equation,3,0.032057647380563,0.009396273330658199,30459,
Inflation equation,4,0.03248570306806406,0.005346088455325404,40472,
Inflation equation,5,0.039881301100869265,0.005228344452952043,50465,
Inflation equation,6,0.04239752994304369,0.006115430187995186,60479,
Inflation equation,7,0.039345482478464956,0.006907594981019408,70456,
Inflation equation,8,0.04770693834551418,0.0065294944247099,80467,
Inflation equation,9,0.04135678459256926,0.005751565600529244,90479,
Inflation equation,10,0.05212885516663576,0.005164120194806848,100465,
