Economy,Policy,"$\Delta^2(\pi^*, \pi_t)$","$\Delta^2(y^*, y_t)$",$\Delta^2(\Delta i_t)$,Loss
SVAR,Actual,0.8545135315192308,1.6568819961965222,0.2248692307692307,1.368132379242492
SVAR,TR93,1.9090698153869017,1.9215328952260073,0.16403538061543768,1.9973190456141732
SVAR,NPP,1.458473682315033,1.740810145193821,0.2327907114628336,1.7160372694858437
SVAR,BA,1.5740468658692823,1.5745704472262183,0.30557279457710385,1.7270950538363021
SVAR,SAC x1 nonlinear,0.4689589291575551,0.4036694784235522,9.256679355743128,5.064653881662117
SVAR,SAC x2 nonlinear,0.518798165576137,0.7998900546545317,2.3172379414172593,1.817963080823964
TVP-SVAR-SV,Actual,0.8545135315192308,1.6568819961965222,0.2248692307692307,1.368132379242492
TVP-SVAR-SV,TR93,5.2648588072992535,3.576418110173854,0.3356301733912012,4.588453545432155
TVP-SVAR-SV,NPP,5.439308644792471,4.071074282966766,0.5617367769263691,5.036059852342802
TVP-SVAR-SV,BA,5.48443364268232,4.162806435433396,0.5936011141044383,5.120420596110076
TVP-SVAR-SV,SAC x1 nonlinear,4.904975480238089,1.884839872545502,0.5675261530546585,3.6786707529191247
TVP-SVAR-SV,SAC x2 nonlinear,4.7486085904575,1.8199726159339418,0.7620936085467162,3.665337407469079
NARX,Actual,0.8545135315192308,1.6568819961965222,0.2248692307692307,1.368132379242492
NARX,TR93,1.643516718714759,1.53220037322074,0.22661388938613192,1.7011654906608153
NARX,NPP,1.6425149878243581,1.6716483060880536,0.311900523943158,1.8130319089277847
NARX,BA,1.6759230978272275,1.21883498914566,0.38089180380633597,1.6378249453896117
NARX,SAC x1 nonlinear,1.6346370386964872,1.8616793008998456,0.09887512598383671,1.7975957327900847
NARX,SAC x2 nonlinear,1.902747687013386,0.7486994192301348,3.5200958856339217,3.0857714959387215
NSSM,Actual,0.8545135315192308,1.6568819961965222,0.2248692307692307,1.368132379242492
NSSM,TR93,46.57063073436638,35.66979889987051,17.980113022073567,50.11027132815523
NSSM,NPP,41.517804421279955,31.312370759183967,16.471799337213323,44.650987258838626
NSSM,BA,35.32500869661971,27.838153831540215,11.23518358276433,37.19917305546213
NSSM,SAC x1 nonlinear,1.9969742063812264,0.7384668186602957,0.6040415672043602,1.669741296122941
NSSM,SAC x2 nonlinear,1.9312396408246424,0.8042342382424088,0.6467939851086132,1.691133932087832
