quarter,y,pi,i,y_hat,pi_hat,y_hat_unres,pi_hat_unres
1987Q3,-0.3207520107,2.66122,6.84,,,,
1987Q4,0.61298344,2.91876,6.92,,,,
1988Q1,0.370772691,3.06577,6.66,0.4943704303,3.08115336,0.5916823853,3.060385468
1988Q2,0.9322394568,3.35274,7.16,0.2672276957,3.00559605,0.1912613708,2.978565656
1988Q3,0.7794572292,3.80207,7.98,0.7845440139,3.474896944,0.9139431572,3.481232461
1988Q4,1.379886156,3.87063,8.47,0.5840464505,3.819148977,0.7216638845,3.844592321
1989Q1,1.673377979,4.13782,9.44,1.144935557,3.881049349,1.290520518,3.887733215
1989Q2,1.720503934,4.23326,9.73,1.37733166,4.180702962,1.581672812,4.21542971
1989Q3,1.751594987,3.75316,9.08,1.406752177,4.190655632,1.450700075,4.189913158
1989Q4,1.239507677,3.59741,8.61,1.480527327,3.585747344,1.361782902,3.55512095
1990Q1,1.638050551,3.63475,8.25,1.006982888,3.40792362,0.8685870395,3.378810195
1990Q2,1.309432236,3.69116,8.24,1.413640383,3.671510016,1.329082419,3.626954824
1990Q3,0.6984276999,3.82117,8.16,1.091640785,3.659839707,1.037196689,3.656686164
1990Q4,-0.8721700167,3.85467,7.74,0.4954307831,3.820585182,0.4254394054,3.828638241
1991Q1,-1.972593662,3.75192,6.43,-1.019576873,3.639746635,-1.155227183,3.656752797
1991Q2,-1.834173878,3.35505,5.86,-2.027513448,3.451872189,-2.267021372,3.404153889
1991Q3,-1.95860382,3.2796,5.64,-1.854720643,3.138521957,-1.785655557,3.140757599
1991Q4,-2.242576413,3.1238,4.82,-1.96364992,3.146918402,-1.869411198,3.16427451
1992Q1,-1.707365893,2.50317,4.02,-2.196767004,2.903313345,-2.246368414,2.879375436
1992Q2,-1.285930467,2.36871,3.77,-1.619546674,2.280047393,-1.575881501,2.265430454
1992Q3,-0.9677212247,2.07095,3.26,-1.192073067,2.315062163,-1.116930392,2.312058742
1992Q4,-0.602206441,2.16693,3.04,-0.8488009866,1.978320598,-0.8529294972,1.963450622
1993Q1,-1.115113006,2.36,3.04,-0.4827485764,2.274141991,-0.4915451296,2.261557334
1993Q2,-1.223111669,2.35388,3,-0.9885027138,2.353197452,-1.011259951,2.365854706
1993Q3,-1.438744437,2.46018,3.06,-1.091931848,2.332557189,-1.056866445,2.348605246
1993Q4,-0.7970352217,2.31536,2.99,-1.30812404,2.396385262,-1.259183875,2.409077887
1994Q1,-0.5421761403,2.23172,3.21,-0.6740827344,2.318168486,-0.5870773853,2.318085538
1994Q2,0.09399614046,2.11696,3.94,-0.4340299469,2.194222954,-0.3327316001,2.211897518
1994Q3,-0.03794607616,2.0967,4.49,0.1540164656,2.173380294,0.3926525225,2.225127154
1994Q4,0.3811956177,2.09305,5.17,-0.001916595106,2.050088446,0.1349899586,2.094100869
1995Q1,0.01077884145,2.15841,5.81,0.373947115,2.165941209,0.5814271716,2.214013452
1995Q2,-0.4194529923,2.15569,6.02,-0.02152853711,2.145203792,0.1337220752,2.205504407
1995Q3,-0.3027671882,2.07341,5.8,-0.4524710681,2.060821491,-0.3605407085,2.095630201
1995Q4,-0.3688288387,2.01232,5.72,-0.3255646487,2.034762527,-0.283881211,2.035104829
1996Q1,-0.3758530403,1.94878,5.36,-0.3847514831,1.957040951,-0.3264301145,1.969442965
1996Q2,0.4879092982,1.88255,5.24,-0.3722123383,1.850613944,-0.3802608355,1.833601348
1996Q3,0.5445687739,1.71535,5.31,0.4795735937,1.964461019,0.550912117,1.948479908
1996Q4,0.6999737994,1.76794,5.28,0.5352850283,1.675605013,0.5871201616,1.690600229
1997Q1,0.4260263807,1.88643,5.28,0.6874808434,1.840496411,0.6885996345,1.837385688
1997Q2,1.139714812,1.66696,5.52,0.4170024146,1.856996711,0.3922133506,1.852268133
1997Q3,1.409902266,1.77726,5.53,1.107646078,1.693720115,1.234021383,1.705734405
1997Q4,1.262858455,1.574,5.51,1.368723092,1.892880339,1.342056787,1.878702497
1998Q1,1.247427628,1.11409,5.52,1.230636073,1.536750371,1.206501082,1.545016348
1998Q2,1.134978993,1.15237,5.5,1.225562724,1.026741453,1.262581264,1.052482031
1998Q3,1.348785187,1.13872,5.53,1.11577207,1.185868138,1.087573353,1.183076101
1998Q4,1.903390223,1.0876,4.86,1.323573654,1.176985738,1.330578765,1.169597119
1999Q1,1.774238459,1.27232,4.73,1.900255662,1.227182625,1.727831657,1.165641464
1999Q2,1.541563809,1.41511,4.75,1.776278214,1.411364931,1.638285238,1.387467791
1999Q3,1.806527571,1.3451,5.09,1.544589414,1.485824123,1.44868143,1.473382389
1999Q4,2.387795903,1.62094,5.31,1.788223245,1.38812414,1.830454752,1.396557626
2000Q1,1.681944483,1.96514,5.68,2.339112583,1.900290779,2.304818268,1.881687815
2000Q2,2.481939211,2.21427,6.27,1.622858667,1.989505212,1.541303756,1.990725027
2000Q3,1.590139878,2.44944,6.52,2.369701479,2.494215252,2.44849685,2.498943935
2000Q4,1.254716318,2.43313,6.47,1.480167534,2.463223337,1.380698071,2.475656471
2001Q1,0.04306356909,2.42955,5.59,1.155172465,2.474245907,1.088814116,2.482244248
2001Q2,-0.150849935,2.40761,4.33,0.01480454316,2.285930516,-0.2703647453,2.250835606
2001Q3,-1.297876678,2.21266,3.5,-0.1113996185,2.445632381,-0.4048470208,2.377119698
2001Q4,-1.715592878,1.98399,2.13,-1.186719538,2.023481483,-1.391516389,2.01498825
2002Q1,-1.535912797,1.6323,1.73,-1.521471446,1.839422979,-1.779919454,1.780261111
2002Q2,-1.540416547,1.37748,1.75,-1.317858773,1.54746504,-1.294059483,1.55460255
2002Q3,-1.725640875,1.46463,1.74,-1.317436112,1.320114582,-1.217037707,1.358265047
2002Q4,-2.174364463,1.73414,1.44,-1.499976994,1.503735544,-1.451614643,1.529055512
2003Q1,-2.227995502,1.91131,1.25,-1.929780757,1.759473576,-1.978584449,1.758027995
2003Q2,-1.938725371,1.91396,1.25,-1.976775439,1.925908978,-1.95806617,1.926470184
2003Q3,-0.8951039048,2.00793,1.02,-1.694087632,1.872764208,-1.598857758,1.879610582
2003Q4,-0.3492157706,2.03709,1,-0.6646722528,2.148227302,-0.6398204905,2.113457547
2004Q1,-0.4047496705,2.26521,1,-0.1307603724,2.159956236,-0.1357276521,2.150293231
2004Q2,-0.2625371188,2.72905,1.01,-0.1902544391,2.364960596,-0.2721988435,2.353132612
2004Q3,0.04015977627,2.79257,1.43,-0.06234493324,2.908270988,-0.1705286841,2.875592554
2004Q4,0.406990155,2.96243,1.95,0.2111307495,2.861189361,0.2465684608,2.872096255
2005Q1,0.8748048795,3.05015,2.47,0.5398772752,3.065182157,0.5773253675,3.071510919
2005Q2,0.7441663167,2.96103,2.94,0.9692081721,3.182072211,1.005128307,3.192064922
2005Q3,0.9143086862,3.24492,3.46,0.8201123217,2.942094932,0.8302702604,2.967566637
2005Q4,0.8679820044,3.29251,3.98,0.953999871,3.380773441,0.9580230579,3.385267127
2006Q1,1.629618114,3.19938,4.46,0.8816979133,3.266896593,0.9066859252,3.280789931
2006Q2,1.316102779,3.35642,4.91,1.604352769,3.307637451,1.676340729,3.316472226
2006Q3,0.9217550404,3.13805,5.25,1.271876215,3.408797592,1.23544259,3.424121214
2006Q4,1.268135055,2.66316,5.25,0.8744529475,3.001376013,0.8874969917,3.029465834
2007Q1,1.053058854,2.91019,5.26,1.22387416,2.586066434,1.246075381,2.596202782
2007Q2,1.151432121,2.72883,5.25,1.007504008,2.965419982,0.9069704285,2.945630582
2007Q3,1.213635943,2.57376,5.07,1.108301902,2.693625594,1.078225057,2.690023667
2007Q4,1.338861462,2.62239,4.5,1.181623018,2.547703183,1.100846999,2.530510962
2008Q1,0.4067164867,2.03211,3.18,1.331339999,2.748107595,1.1189113,2.698837541
2008Q2,0.5272173679,1.81848,2.09,0.4995262028,1.776843806,0.1263965298,1.725766287
2008Q3,-0.4457126048,2.02788,1.94,0.6765497056,1.894768599,0.3845471417,1.831578541
2008Q4,-3.026831303,1.86222,0.51,-0.2717489482,2.184505066,-0.440492668,2.208320136
2009Q1,-4.486292211,1.4064,0.18,-2.719575585,1.590286027,-3.156286951,1.585806275
2009Q2,-4.984836679,0.74996,0.18,-4.11926012,1.069134339,-4.059722698,1.149778132
2009Q3,-4.954934641,0.11539,0.16,-4.591565884,0.4186251502,-4.290755159,0.5228756108
2009Q4,-4.222627857,0.18959,0.12,-4.546841597,-0.1800294063,-4.188668611,-0.0897437565
2010Q1,-4.057948558,0.55679,0.13,-3.830745691,0.2552728775,-3.540909098,0.2925632471
2010Q2,-3.439413504,1.21612,0.19,-3.67866788,0.6205196032,-3.484242235,0.6463806047
2010Q3,-3.02319922,1.40337,0.19,-3.092135023,1.439652366,-2.93238552,1.437241787
2010Q4,-2.856892523,1.6704,0.19,-2.689582942,1.482334706,-2.543885367,1.499605031
2011Q1,-3.442535791,1.89811,0.16,-2.533126984,1.794977677,-2.438293033,1.815625463
2011Q2,-3.154896686,2.0733,0.09,-3.109273306,1.846616493,-3.056020598,1.875975804
2011Q3,-3.54974644,2.37679,0.08,-2.828631146,2.151719552,-2.721251138,2.169107375
2011Q4,-2.855266103,1.90663,0.07,-3.221014376,2.330235322,-3.160559466,2.348101035
2012Q1,-2.444172344,1.98289,0.1,-2.530950353,1.789332135,-2.315888993,1.827653911
2012Q2,-2.421972727,1.73116,0.15,-2.13236349,2.043786702,-2.0244584,2.059534535
2012Q3,-2.698593297,1.67726,0.14,-2.107406207,1.67126781,-1.989406515,1.715939084
2012Q4,-3.008048174,2.06555,0.16,-2.376059957,1.640833851,-2.302567836,1.67965443
2013Q1,-2.486430359,1.87301,0.14,-2.688407246,2.091124548,-2.648622859,2.102822792
2013Q2,-2.664446767,1.67264,0.12,-2.17315297,1.874612883,-2.029822087,1.902281281
2013Q3,-2.279487964,1.6132,0.08,-2.341580322,1.557939929,-2.247510433,1.594939715
2013Q4,-1.881376036,1.64137,0.09,-1.961947739,1.619190171,-1.859829279,1.634189647
2014Q1,-2.678462238,1.6232,0.07,-1.573953837,1.766244146,-1.496027603,1.786711781
2014Q2,-1.888186455,1.97859,0.09,-2.351656675,1.473686006,-2.335943509,1.507422671
2014Q3,-1.176245182,1.89836,0.09,-1.588315701,2.144377618,-1.515075446,2.12569341
2014Q4,-1.164466934,1.46291,0.1,-0.8905924491,1.990194916,-0.8273403047,1.992750705
2015Q1,-0.7718516765,1.02414,0.11,-0.8696290437,1.352350888,-0.8208994529,1.384064897
2015Q2,-0.6596858939,1.03291,0.12,-0.4763389797,0.9961194687,-0.4057278304,1.022927008
2015Q3,-0.7662786732,0.88601,0.14,-0.3674011261,1.132777263,-0.3805926228,1.141559401
2015Q4,-1.08863991,0.78391,0.16,-0.4692316505,0.9261541918,-0.472251692,0.9515148188
2016Q1,-1.023857062,0.75127,0.36,-0.7829896131,0.7804726789,-0.7866178889,0.8077029783
2016Q2,-1.211572356,0.85692,0.37,-0.728895549,0.8279214625,-0.6597394455,0.8605517626
2016Q3,-1.011906243,0.84748,0.4,-0.9152913343,0.9154076162,-0.9194274817,0.9292630783
2016Q4,-0.9595882772,1.33735,0.45,-0.7214072268,0.9282629559,-0.6836339625,0.9425864717
2017Q1,-0.9714189223,1.94264,0.7,-0.6839551235,1.552859734,-0.725756754,1.541988502
2017Q2,-0.9088951445,1.51896,0.95,-0.7218165324,2.163837815,-0.7444683255,2.15824012
2017Q3,-0.6219792735,1.78031,1.15,-0.6634894037,1.417760147,-0.5519674185,1.464789567
2017Q4,-0.001916085827,1.91331,1.2,-0.3989876922,1.898564648,-0.3742815568,1.895208601
2018Q1,0.3040985078,2.04145,1.45,0.2015634276,2.065516881,0.1934402686,2.047923738
2018Q2,0.3218920849,2.49473,1.74,0.4852834279,2.17979123,0.4766536241,2.180466012
2018Q3,0.4305124962,2.41109,1.92,0.4778567559,2.683193542,0.409661261,2.671089081
2018Q4,0.05183664217,2.2237,2.22,0.5769627136,2.474403468,0.5508205865,2.485369052
2019Q1,0.1463523738,1.88229,2.4,0.196144948,2.156739877,0.2010797048,2.191118621
2019Q2,0.4513336449,1.6899,2.4,0.2873538979,1.813375941,0.3338732331,1.839331355
2019Q3,1.094434852,1.57443,2.19,0.58985501,1.684465691,0.5826348135,1.681031588
2019Q4,1.267335808,1.45313,1.64,1.231568113,1.689204815,1.153464961,1.658768139
2020Q1,-0.5602534881,1.64912,1.26,1.430770914,1.661244816,1.206557139,1.631234988
2020Q2,-8.830529953,0.72404,0.06,-0.3411417458,2.08957048,-0.6436610105,2.16850551
2020Q3,-2.19623299,1.32448,0.09,-8.343978972,-1.09801106,-8.77697733,-0.9605190493
2020Q4,-1.53765187,1.63994,0.09,-1.874471664,2.214529478,-1.229931855,2.100249285
2021Q1,-0.5196137047,2.41736,0.08,-1.237946473,1.779376464,-1.192399171,1.75848634
2021Q2,0.7118743245,4.41528,0.07,-0.260124841,2.745500874,-0.322858412,2.675069901
2021Q3,0.9627372544,5.03921,0.09,0.8984476284,5.210468672,0.5858364227,5.055309041
2021Q4,2.076730437,6.20729,0.08,1.128401396,5.232803187,0.8483159542,5.151078476
2022Q1,1.231430588,7.00096,0.12,2.191088662,6.804180293,1.820480659,6.676690278
2022Q2,0.7671916887,7.76505,0.77,1.344717612,7.192191234,0.8774717475,7.119801059
2022Q3,0.8187640224,7.34138,2.19,0.8410714422,7.910293347,0.5835905447,7.8736984
2022Q4,0.8501023772,6.54737,3.65,0.8303459574,7.158079324,0.9768345284,7.235196702
2023Q1,1.023216844,5.38913,4.52,0.8063096186,6.231288422,1.057860541,6.337869639
2023Q2,0.8923461806,3.60022,4.99,0.9585983651,5.012015122,1.168250013,5.104236937
2023Q3,1.337139586,3.2764,5.26,0.8481133988,2.983869488,1.073255068,3.094118968
2023Q4,1.565795172,2.80174,5.33,1.276812591,3.216988039,1.33403554,3.227724361
2024Q1,1.257305512,2.68332,5.33,1.507667395,2.723676882,1.513226594,2.737265843
2024Q2,1.484138184,2.7896,5.33,1.208838553,2.616317724,1.13138488,2.614211175
2024Q3,1.620900151,2.34274,5.26,1.428128796,2.863148487,1.358890139,2.838454338
2024Q4,1.590858562,2.44135,4.65,1.575508383,2.259428999,1.543097262,2.262590712
2025Q1,1.006021935,2.42132,4.33,1.574311677,2.554114144,1.323854527,2.497072782
2025Q2,1.427033935,2.30386,4.33,1.019076599,2.356830911,0.8276687064,2.331651275
2025Q3,1.827748043,2.77952,4.29,1.433280412,2.337522863,1.397585035,2.320081276
2025Q4,1.319777197,3.01431,3.9,1.816086823,3.059633533,1.663134236,3.009804121
2026Q1,1.374997979,3.02878,3.64,1.333653167,3.06626566,1.057306805,3.016603713
2026Q2,1.400329071,4.02985,3.63,1.400264532,3.080832716,1.221313263,3.041767435
