quarter,y,pi,i,y_hat,pi_hat
1987Q3,-0.3207520107,2.66122,6.84,,
1987Q4,0.61298344,2.91876,6.92,,
1988Q1,0.370772691,3.06577,6.66,,
1988Q2,0.9322394568,3.35274,7.16,,
1988Q3,0.7794572292,3.80207,7.98,,
1988Q4,1.379886156,3.87063,8.47,,
1989Q1,1.673377979,4.13782,9.44,,
1989Q2,1.720503934,4.23326,9.73,,
1989Q3,1.751594987,3.75316,9.08,,
1989Q4,1.239507677,3.59741,8.61,,
1990Q1,1.638050551,3.63475,8.25,,
1990Q2,1.309432236,3.69116,8.24,,
1990Q3,0.6984276999,3.82117,8.16,,
1990Q4,-0.8721700167,3.85467,7.74,,
1991Q1,-1.972593662,3.75192,6.43,,
1991Q2,-1.834173878,3.35505,5.86,,
1991Q3,-1.95860382,3.2796,5.64,,
1991Q4,-2.242576413,3.1238,4.82,,
1992Q1,-1.707365893,2.50317,4.02,,
1992Q2,-1.285930467,2.36871,3.77,,
1992Q3,-0.9677212247,2.07095,3.26,,
1992Q4,-0.602206441,2.16693,3.04,,
1993Q1,-1.115113006,2.36,3.04,,
1993Q2,-1.223111669,2.35388,3,,
1993Q3,-1.438744437,2.46018,3.06,,
1993Q4,-0.7970352217,2.31536,2.99,,
1994Q1,-0.5421761403,2.23172,3.21,,
1994Q2,0.09399614046,2.11696,3.94,,
1994Q3,-0.03794607616,2.0967,4.49,,
1994Q4,0.3811956177,2.09305,5.17,,
1995Q1,0.01077884145,2.15841,5.81,,
1995Q2,-0.4194529923,2.15569,6.02,,
1995Q3,-0.3027671882,2.07341,5.8,,
1995Q4,-0.3688288387,2.01232,5.72,,
1996Q1,-0.3758530403,1.94878,5.36,,
1996Q2,0.4879092982,1.88255,5.24,,
1996Q3,0.5445687739,1.71535,5.31,,
1996Q4,0.6999737994,1.76794,5.28,,
1997Q1,0.4260263807,1.88643,5.28,,
1997Q2,1.139714812,1.66696,5.52,,
1997Q3,1.409902266,1.77726,5.53,1.300215346,1.711490096
1997Q4,1.262858455,1.574,5.51,1.55274085,1.944450055
1998Q1,1.247427628,1.11409,5.52,1.150135263,1.559658755
1998Q2,1.134978993,1.15237,5.5,1.195717168,1.025068193
1998Q3,1.348785187,1.13872,5.53,1.169110635,1.055938473
1998Q4,1.903390223,1.0876,4.86,1.508538622,1.046946159
1999Q1,1.774238459,1.27232,4.73,2.384497061,1.162340822
1999Q2,1.541563809,1.41511,4.75,1.835102227,1.353454692
1999Q3,1.806527571,1.3451,5.09,1.496431656,1.430853635
1999Q4,2.387795903,1.62094,5.31,1.763192207,1.312774829
2000Q1,1.681944483,1.96514,5.68,2.061406658,1.85157049
2000Q2,2.481939211,2.21427,6.27,1.158347091,1.798699204
2000Q3,1.590139878,2.44944,6.52,1.725662959,2.490370092
2000Q4,1.254716318,2.43313,6.47,1.519221067,2.496763149
2001Q1,0.04306356909,2.42955,5.59,1.081300072,2.513589116
2001Q2,-0.150849935,2.40761,4.33,0.1290634965,2.216919678
2001Q3,-1.297876678,2.21266,3.5,-0.2604505362,2.406250605
2001Q4,-1.715592878,1.98399,2.13,-0.9570341979,2.081002292
2002Q1,-1.535912797,1.6323,1.73,-1.631500594,1.803903596
2002Q2,-1.540416547,1.37748,1.75,-0.9158203016,1.537596139
2002Q3,-1.725640875,1.46463,1.74,-0.6559438369,1.29602531
2002Q4,-2.174364463,1.73414,1.44,-0.8777348543,1.523794571
2003Q1,-2.227995502,1.91131,1.25,-1.818148146,1.847772922
2003Q2,-1.938725371,1.91396,1.25,-2.086143258,1.962849081
2003Q3,-0.8951039048,2.00793,1.02,-1.885888662,1.860392976
2003Q4,-0.3492157706,2.03709,1,-1.105504247,2.049825402
2004Q1,-0.4047496705,2.26521,1,-0.5312362485,2.116121649
2004Q2,-0.2625371188,2.72905,1.01,-0.6006132698,2.431593496
2004Q3,0.04015977627,2.79257,1.43,-0.5698072491,3.046161972
2004Q4,0.406990155,2.96243,1.95,-0.1592736794,2.949020395
2005Q1,0.8748048795,3.05015,2.47,0.4041291397,3.143848161
2005Q2,0.7441663167,2.96103,2.94,0.9144065708,3.205794018
2005Q3,0.9143086862,3.24492,3.46,0.7260955336,2.947681703
2005Q4,0.8679820044,3.29251,3.98,0.8815328667,3.377918796
2006Q1,1.629618114,3.19938,4.46,0.7677248875,3.229807255
2006Q2,1.316102779,3.35642,4.91,1.508230081,3.175183022
2006Q3,0.9217550404,3.13805,5.25,1.215349947,3.402047824
2006Q4,1.268135055,2.66316,5.25,0.77715593,2.932062538
2007Q1,1.053058854,2.91019,5.26,1.069476755,2.399413259
2007Q2,1.151432121,2.72883,5.25,0.6690782841,2.803824765
2007Q3,1.213635943,2.57376,5.07,0.8686409075,2.576830646
2007Q4,1.338861462,2.62239,4.5,0.9539375726,2.454783304
2008Q1,0.4067164867,2.03211,3.18,0.9670386748,2.635218746
2008Q2,0.5272173679,1.81848,2.09,0.3998737892,1.795393264
2008Q3,-0.4457126048,2.02788,1.94,0.4602391478,1.789761114
2008Q4,-3.026831303,1.86222,0.51,-0.02871757282,2.320636244
2009Q1,-4.486292211,1.4064,0.18,-3.545036349,1.547086122
2009Q2,-4.984836679,0.74996,0.18,-4.172453846,1.227725817
2009Q3,-4.954934641,0.11539,0.16,-4.635871102,0.5240110395
2009Q4,-4.222627857,0.18959,0.12,-4.785042073,-0.05599921998
2010Q1,-4.057948558,0.55679,0.13,-4.055076895,0.3986593946
2010Q2,-3.439413504,1.21612,0.19,-4.147012737,0.8958128889
2010Q3,-3.02319922,1.40337,0.19,-2.956868259,1.593604644
2010Q4,-2.856892523,1.6704,0.19,-2.567674525,1.481926995
2011Q1,-3.442535791,1.89811,0.16,-2.507067989,1.631765313
2011Q2,-3.154896686,2.0733,0.09,-3.312011056,1.768553147
2011Q3,-3.54974644,2.37679,0.08,-2.227739415,1.775388771
2011Q4,-2.855266103,1.90663,0.07,-3.224506139,2.252490982
2012Q1,-2.444172344,1.98289,0.1,-1.850454272,1.76271271
2012Q2,-2.421972727,1.73116,0.15,-2.057491168,2.067492215
2012Q3,-2.698593297,1.67726,0.14,-2.313771649,1.738927544
2012Q4,-3.008048174,2.06555,0.16,-2.797772087,1.675399402
2013Q1,-2.486430359,1.87301,0.14,-2.994089821,2.062852754
2013Q2,-2.664446767,1.67264,0.12,-2.108093363,1.88055138
2013Q3,-2.279487964,1.6132,0.08,-2.747475813,1.716874525
2013Q4,-1.881376036,1.64137,0.09,-2.244349496,1.835033111
2014Q1,-2.678462238,1.6232,0.07,-1.983079398,1.848142925
2014Q2,-1.888186455,1.97859,0.09,-3.21017079,1.69328512
2014Q3,-1.176245182,1.89836,0.09,-1.896131318,2.300924811
2014Q4,-1.164466934,1.46291,0.1,-1.390453867,2.158373616
2015Q1,-0.7718516765,1.02414,0.11,-1.743583613,1.713583004
2015Q2,-0.6596858939,1.03291,0.12,-1.162539232,1.116412936
2015Q3,-0.7662786732,0.88601,0.14,-1.148422412,1.21735198
2015Q4,-1.08863991,0.78391,0.16,-1.170019237,0.8994640701
2016Q1,-1.023857062,0.75127,0.36,-1.512215634,0.788181386
2016Q2,-1.211572356,0.85692,0.37,-1.138959268,0.8200925804
2016Q3,-1.011906243,0.84748,0.4,-1.506088022,0.9568426907
2016Q4,-0.9595882772,1.33735,0.45,-1.106778543,0.9511155016
2017Q1,-0.9714189223,1.94264,0.7,-1.242882233,1.568959336
2017Q2,-0.9088951445,1.51896,0.95,-1.221665542,2.117229674
2017Q3,-0.6219792735,1.78031,1.15,-1.055287098,1.16513517
2017Q4,-0.001916085827,1.91331,1.2,-0.8162542053,1.920101671
2018Q1,0.3040985078,2.04145,1.45,-0.3738367945,2.08212267
2018Q2,0.3218920849,2.49473,1.74,-0.2113240352,2.097906994
2018Q3,0.4305124962,2.41109,1.92,0.6435796558,2.762632372
2018Q4,0.05183664217,2.2237,2.22,0.5164892688,2.437898619
2019Q1,0.1463523738,1.88229,2.4,0.1987536577,2.226676786
2019Q2,0.4513336449,1.6899,2.4,0.2502481624,2.038253702
2019Q3,1.094434852,1.57443,2.19,0.5265760469,1.864430449
2019Q4,1.267335808,1.45313,1.64,1.451229254,1.624112672
2020Q1,-0.5602534881,1.64912,1.26,1.558272259,1.449050677
2020Q2,-8.830529953,0.72404,0.06,-1.260483381,2.574699796
2020Q3,-2.19623299,1.32448,0.09,-23.52042181,0.803501532
2020Q4,-1.53765187,1.63994,0.09,0.0660437679,2.296443338
2021Q1,-0.5196137047,2.41736,0.08,-2.350934818,1.749650751
2021Q2,0.7118743245,4.41528,0.07,-3.427906217,2.552470116
2021Q3,0.9627372544,5.03921,0.09,-3.145672941,6.161654331
2021Q4,2.076730437,6.20729,0.08,-0.2058100521,5.450677064
2022Q1,1.231430588,7.00096,0.12,2.08955352,7.14498371
2022Q2,0.7671916887,7.76505,0.77,2.170018764,7.67377577
2022Q3,0.8187640224,7.34138,2.19,2.774369972,8.004709215
2022Q4,0.8501023772,6.54737,3.65,2.901222463,5.986532885
2023Q1,1.023216844,5.38913,4.52,1.799172262,5.167557239
2023Q2,0.8923461806,3.60022,4.99,1.285604145,4.139315159
2023Q3,1.337139586,3.2764,5.26,0.6234902434,2.139211812
2023Q4,1.565795172,2.80174,5.33,0.6473926204,2.73930848
2024Q1,1.257305512,2.68332,5.33,0.8656950498,2.326266201
2024Q2,1.484138184,2.7896,5.33,0.782919778,2.495878916
2024Q3,1.620900151,2.34274,5.26,1.087783708,2.738755113
2024Q4,1.590858562,2.44135,4.65,1.073196398,2.098773016
2025Q1,1.006021935,2.42132,4.33,1.102955427,2.74594997
2025Q2,1.427033935,2.30386,4.33,0.7776336612,2.54161065
2025Q3,1.827748043,2.77952,4.29,0.95224637,2.255596568
2025Q4,1.319777197,3.01431,3.9,1.293711506,2.75426984
2026Q1,1.374997979,3.02878,3.64,1.055567384,3.293788275
2026Q2,1.400329071,4.02985,3.63,1.028296168,3.233846879
