quarter,y,pi,y_hat,pi_hat,y_hat_lo,y_hat_hi,pi_hat_lo,pi_hat_hi
1987Q3,-0.3207520107,2.66122,-0.2212477987,2.463708415,-0.3793101189,-0.05985336173,2.380952647,2.545508948
1987Q4,0.61298344,2.91876,-0.21506288,2.852074379,-0.3661920156,-0.06387795789,2.756911857,2.946338742
1988Q1,0.370772691,3.06577,0.6780747403,3.040215764,0.5038756892,0.8493227982,2.967036392,3.118552098
1988Q2,0.9322394568,3.35274,0.3134664654,3.116658167,0.1891600086,0.4353789505,3.047661306,3.182692945
1988Q3,0.7794572292,3.80207,1.030105305,3.482792051,0.8886549052,1.174364393,3.418020601,3.547096941
1988Q4,1.379886156,3.87063,0.8934327776,4.003949163,0.7055838116,1.08927542,3.910596668,4.098899677
1989Q1,1.673377979,4.13782,1.441237855,3.927921912,1.281713283,1.587968312,3.854819445,4.00281933
1989Q2,1.720503934,4.23326,1.784184045,4.260375714,1.589165926,1.979853531,4.168504713,4.349216684
1989Q3,1.751594987,3.75316,1.673704066,4.243965183,1.515070667,1.83266174,4.168723354,4.321943008
1989Q4,1.239507677,3.59741,1.543271196,3.480939318,1.34917932,1.743763605,3.371926461,3.580319154
1990Q1,1.638050551,3.63475,1.062594176,3.489175853,0.8969565411,1.230131631,3.406749255,3.577662725
1990Q2,1.309432236,3.69116,1.500038744,3.610735472,1.340144726,1.656457549,3.535723167,3.686880911
1990Q3,0.6984276999,3.82117,1.223786711,3.634677911,1.075837254,1.364610336,3.568422136,3.695727699
1990Q4,-0.8721700167,3.85467,0.6125731662,3.709131984,0.4340789939,0.7789180004,3.609953397,3.804137011
1991Q1,-1.972593662,3.75192,-0.9822352102,3.651107211,-1.260469425,-0.7093309041,3.552940133,3.753314103
1991Q2,-1.834173878,3.35505,-2.168605579,3.537806276,-2.420034938,-1.899011538,3.437613046,3.644509721
1991Q3,-1.95860382,3.2796,-1.786088687,3.110616898,-1.965773884,-1.606701694,3.03045527,3.18326498
1991Q4,-2.242576413,3.1238,-1.854600463,3.158032208,-1.993471757,-1.71268043,3.093811447,3.221009991
1992Q1,-1.707365893,2.50317,-2.248984117,2.987950945,-2.429521944,-2.068999624,2.909282605,3.065049358
1992Q2,-1.285930467,2.36871,-1.656293088,2.242941501,-1.86944269,-1.449557582,2.146443049,2.338550793
1992Q3,-0.9677212247,2.07095,-1.167967122,2.325594835,-1.291643995,-1.048006487,2.272068477,2.374132154
1992Q4,-0.602206441,2.16693,-0.913801124,1.965963893,-1.047909761,-0.7853377572,1.904236237,2.023025954
1993Q1,-1.115113006,2.36,-0.5277204207,2.184553039,-0.6269859664,-0.4270112663,2.134737079,2.237701172
1993Q2,-1.223111669,2.35388,-1.021265057,2.396698981,-1.157291705,-0.8811468543,2.34096433,2.456199632
1993Q3,-1.438744437,2.46018,-1.099524425,2.319671555,-1.195660105,-1.001046909,2.275608845,2.364574062
1993Q4,-0.7970352217,2.31536,-1.294962034,2.513086345,-1.402704815,-1.180312711,2.451493235,2.572721749
1994Q1,-0.5421761403,2.23172,-0.6580286294,2.292363382,-0.7891011842,-0.5313752128,2.238965695,2.345767274
1994Q2,0.09399614046,2.11696,-0.3780946967,2.257187378,-0.4655115447,-0.2943007608,2.207113795,2.30821415
1994Q3,-0.03794607616,2.0967,0.3533607698,2.13570414,0.217452885,0.4868668151,2.060496114,2.205499289
1994Q4,0.3811956177,2.09305,0.1462865705,2.141869341,0.01929629645,0.2767367689,2.085895665,2.201786035
1995Q1,0.01077884145,2.15841,0.5965841254,2.133243613,0.4686520677,0.7272909776,2.060629683,2.20331327
1995Q2,-0.4194529923,2.15569,0.1928948215,2.177598672,0.02150831493,0.362061895,2.094817819,2.253466276
1995Q3,-0.3027671882,2.07341,-0.3020638085,2.151720049,-0.4499628962,-0.1533330376,2.087593392,2.213772602
1995Q4,-0.3688288387,2.01232,-0.2486860076,2.037207946,-0.3563690618,-0.1445963746,1.985720267,2.086031795
1996Q1,-0.3758530403,1.94878,-0.2896934108,1.987325228,-0.3945514814,-0.1811657068,1.937745426,2.036991895
1996Q2,0.4879092982,1.88255,-0.350810784,1.966756295,-0.4612175607,-0.2480837421,1.893496996,2.041230472
1996Q3,0.5445687739,1.71535,0.5598129779,1.915757179,0.4123444934,0.6995338396,1.857338087,1.978319175
1996Q4,0.6999737994,1.76794,0.6193802983,1.693838085,0.5170577716,0.7187731157,1.640631432,1.749741463
1997Q1,0.4260263807,1.88643,0.73796858,1.809793531,0.643665837,0.8381319946,1.761296593,1.860681435
1997Q2,1.139714812,1.66696,0.4576776224,1.986835149,0.3407114463,0.5702760963,1.918248478,2.0604806
1997Q3,1.409902266,1.77726,1.25281393,1.676860417,1.118786194,1.390476901,1.609486617,1.746501313
1997Q4,1.262858455,1.574,1.415698605,1.866096619,1.312204037,1.528583764,1.815920346,1.92364503
1998Q1,1.247427628,1.11409,1.269070016,1.530796861,1.15096356,1.394439558,1.468609315,1.594076994
1998Q2,1.134978993,1.15237,1.294782902,0.9849319969,1.144075872,1.448166629,0.8995160524,1.074385275
1998Q3,1.348785187,1.13872,1.155592395,1.232752687,1.023421624,1.288426063,1.166154113,1.3053773
1998Q4,1.903390223,1.0876,1.386665765,1.238008122,1.25732908,1.517714479,1.166047545,1.318306994
1999Q1,1.774238459,1.27232,1.777727943,1.128230314,1.599974955,1.956101579,1.043248523,1.218713476
1999Q2,1.541563809,1.41511,1.718667485,1.38730989,1.579469881,1.859027902,1.320658617,1.462091208
1999Q3,1.806527571,1.3451,1.523493648,1.536049309,1.38458039,1.659997729,1.473186775,1.608578281
1999Q4,2.387795903,1.62094,1.878260719,1.439959815,1.745313351,2.010897529,1.372467539,1.518931979
2000Q1,1.681944483,1.96514,2.390168935,1.786567268,2.246895121,2.543479989,1.712857511,1.868943075
2000Q2,2.481939211,2.21427,1.676926986,2.174269716,1.469716873,1.884739945,2.072092905,2.277250779
2000Q3,1.590139878,2.44944,2.549995209,2.362678556,2.390471651,2.713252389,2.27804029,2.453572788
2000Q4,1.254716318,2.43313,1.543299951,2.516439511,1.319174147,1.756226228,2.437621117,2.595198554
2001Q1,0.04306356909,2.42955,1.205377319,2.354953682,1.072035222,1.328608363,2.275923419,2.428008926
2001Q2,-0.150849935,2.40761,-0.1568331121,2.326898278,-0.3824032679,0.0699449737,2.247201195,2.410928122
2001Q3,-1.297876678,2.21266,-0.3667964384,2.269336782,-0.5481394385,-0.1670018177,2.178461853,2.361140195
2001Q4,-1.715592878,1.98399,-1.388944639,2.017081573,-1.593683247,-1.165897617,1.951820736,2.088913838
2002Q1,-1.535912797,1.6323,-1.850811214,1.82180981,-2.071358698,-1.634453029,1.729200566,1.909958983
2002Q2,-1.540416547,1.37748,-1.42736729,1.492493305,-1.557783767,-1.306711416,1.430734085,1.555976352
2002Q3,-1.725640875,1.46463,-1.347340308,1.284564966,-1.457038657,-1.232843251,1.223209097,1.348901492
2002Q4,-2.174364463,1.73414,-1.555030942,1.47892323,-1.66300574,-1.43982435,1.415191989,1.541976713
2003Q1,-2.227995502,1.91131,-2.069510769,1.805766245,-2.215948056,-1.920573245,1.730695867,1.875403176
2003Q2,-1.938725371,1.91396,-2.078036567,1.980983231,-2.194345746,-1.960664777,1.915312054,2.042385865
2003Q3,-0.8951039048,2.00793,-1.741128283,1.984329747,-1.850613296,-1.632934037,1.917028095,2.052307521
2003Q4,-0.3492157706,2.03709,-0.7800548667,2.12043074,-0.9631267723,-0.5983026768,2.040877392,2.189773858
2004Q1,-0.4047496705,2.26521,-0.2480393589,2.083828714,-0.3681420863,-0.128235134,2.024482235,2.137705976
2004Q2,-0.2625371188,2.72905,-0.343985434,2.370339609,-0.4524300784,-0.2289192033,2.311509482,2.435229048
2004Q3,0.04015977627,2.79257,-0.2247328556,2.932977293,-0.3567419992,-0.08098166541,2.855559369,3.012266982
2004Q4,0.406990155,2.96243,0.1710923924,2.865588038,0.06604067999,0.2759180572,2.796779816,2.937593957
2005Q1,0.8748048795,3.05015,0.5302830588,3.089493606,0.4145649297,0.646373372,3.019647196,3.160723472
2005Q2,0.7441663167,2.96103,0.9750952695,3.116352463,0.8564934086,1.09067069,3.040959876,3.189423638
2005Q3,0.9143086862,3.24492,0.822140491,2.946600815,0.7126096947,0.931928074,2.872358221,3.02061006
2005Q4,0.8679820044,3.29251,0.9832397893,3.374001722,0.8765989906,1.092945033,3.314488063,3.438277652
2006Q1,1.629618114,3.19938,0.9373869436,3.361216658,0.8345655306,1.037974572,3.287130946,3.437454015
2006Q2,1.316102779,3.35642,1.694626112,3.194230875,1.560042244,1.81875248,3.115970757,3.27396948
2006Q3,0.9217550404,3.13805,1.322593674,3.389879666,1.197516227,1.447511724,3.324004546,3.455063119
2006Q4,1.268135055,2.66316,0.9489475104,3.056548132,0.8261550846,1.07060406,2.9836804,3.129453423
2007Q1,1.053058854,2.91019,1.266881874,2.483350853,1.139471423,1.391502725,2.395701554,2.566839835
2007Q2,1.151432121,2.72883,0.9988869462,3.004043867,0.8852079496,1.108109429,2.949708363,3.061906661
2007Q3,1.213635943,2.57376,1.126782667,2.668159179,1.039091575,1.213789571,2.615092344,2.72242354
2007Q4,1.338861462,2.62239,1.150133817,2.52489823,1.056619873,1.244340929,2.471494904,2.579852915
2008Q1,0.4067164867,2.03211,1.175014969,2.580894449,1.040948141,1.308718763,2.507962805,2.654387623
2008Q2,0.5272173679,1.81848,0.1279546471,1.727819117,-0.1252552125,0.3956360492,1.604960728,1.844536108
2008Q3,-0.4457126048,2.02788,0.3325879657,1.666690911,0.1273740611,0.5377742694,1.568314946,1.759121479
2008Q4,-3.026831303,1.86222,-0.4636934696,1.926795468,-0.652144304,-0.2712227562,1.775742518,2.0719671
2009Q1,-4.486292211,1.4064,-3.225314229,1.524948199,-3.622245947,-2.789469169,1.377385206,1.67586769
2009Q2,-4.984836679,0.74996,-4.272933707,1.098049414,-4.542540663,-3.991335385,0.9794482749,1.227888412
2009Q3,-4.954934641,0.11539,-4.587720267,0.4612692455,-4.82118349,-4.357186017,0.3351677316,0.600076279
2009Q4,-4.222627857,0.18959,-4.514873695,-0.08052894074,-4.747009039,-4.291526449,-0.208612612,0.04951557873
2010Q1,-4.057948558,0.55679,-3.829062263,0.2820999574,-4.024066417,-3.626142875,0.1650436241,0.3930375988
2010Q2,-3.439413504,1.21612,-3.720423876,0.7622052405,-3.896241196,-3.535328099,0.6428981554,0.8795270561
2010Q3,-3.02319922,1.40337,-3.1428955,1.534201788,-3.321391062,-2.937819692,1.40673166,1.65870988
2010Q4,-2.856892523,1.6704,-2.764766305,1.505241036,-2.894274696,-2.617194569,1.426835306,1.583467989
2011Q1,-3.442535791,1.89811,-2.636739527,1.743318427,-2.76024191,-2.488933839,1.653393474,1.830770463
2011Q2,-3.154896686,2.0733,-3.239412685,1.957538398,-3.413016244,-3.053624285,1.867422037,2.044176301
2011Q3,-3.54974644,2.37679,-2.936310546,2.10451117,-3.070910997,-2.786797113,2.021228659,2.187509361
2011Q4,-2.855266103,1.90663,-3.346267184,2.481716927,-3.510274409,-3.167413267,2.38148956,2.57883761
2012Q1,-2.444172344,1.98289,-2.588999815,1.75403085,-2.771533433,-2.420794868,1.65376276,1.846886677
2012Q2,-2.421972727,1.73116,-2.236350726,2.021022641,-2.356750433,-2.103955052,1.948578106,2.087171487
2012Q3,-2.698593297,1.67726,-2.210159004,1.613381509,-2.330811269,-2.089432216,1.535564694,1.694154455
2012Q4,-3.008048174,2.06555,-2.504220259,1.620587592,-2.625439683,-2.370501163,1.549766859,1.694276381
2013Q1,-2.486430359,1.87301,-2.823786503,2.217643958,-2.975121783,-2.660429535,2.118865169,2.312099952
2013Q2,-2.664446767,1.67264,-2.268592666,1.796491325,-2.402700033,-2.134587033,1.716941557,1.873201468
2013Q3,-2.279487964,1.6132,-2.465195139,1.601623887,-2.593762114,-2.334288807,1.532163343,1.674216251
2013Q4,-1.881376036,1.64137,-2.08302505,1.629356143,-2.198077308,-1.962659181,1.56469952,1.695091066
2014Q1,-2.678462238,1.6232,-1.70373477,1.630701956,-1.808717544,-1.591014153,1.54608926,1.714767605
2014Q2,-1.888186455,1.97859,-2.517225959,1.626161929,-2.692991941,-2.338396572,1.536913512,1.716795039
2014Q3,-1.176245182,1.89836,-1.715953051,2.192324803,-1.872453657,-1.55568982,2.103096272,2.273992769
2014Q4,-1.164466934,1.46291,-1.03556321,1.903951375,-1.174062758,-0.8941100791,1.830981651,1.968475264
2015Q1,-0.7718516765,1.02414,-1.027233179,1.334487525,-1.16224534,-0.8986527698,1.251101103,1.417382541
2015Q2,-0.6596858939,1.03291,-0.6238010012,0.9140745092,-0.7612292421,-0.4865351551,0.828570519,0.9964814102
2015Q3,-0.7662786732,0.88601,-0.5507555555,1.081277189,-0.6529998702,-0.440185465,1.017321382,1.144353873
2015Q4,-1.08863991,0.78391,-0.64706812,0.8544534163,-0.7668892803,-0.5272292941,0.7815975765,0.9259903086
2016Q1,-1.023857062,0.75127,-0.9568290397,0.7839044534,-1.088412876,-0.8194850529,0.7151254338,0.8553069304
2016Q2,-1.211572356,0.85692,-0.8387567518,0.7897376296,-0.9526399829,-0.724214462,0.7202571867,0.8587795999
2016Q3,-1.011906243,0.84748,-1.076310686,0.9495562565,-1.190265605,-0.9472500031,0.8834088902,1.019185559
2016Q4,-0.9595882772,1.33735,-0.8596511497,0.904458288,-0.9616659876,-0.7525601366,0.842717259,0.9651368752
2017Q1,-0.9714189223,1.94264,-0.8509229032,1.571618972,-0.9666501711,-0.712691528,1.485561533,1.656675084
2017Q2,-0.9088951445,1.51896,-0.8473312979,2.212608848,-0.9713812922,-0.7002931563,2.121689187,2.306861409
2017Q3,-0.6219792735,1.78031,-0.7262207848,1.403686892,-0.8586395741,-0.6064094714,1.320655862,1.492020787
2017Q4,-0.001916085827,1.91331,-0.4936665089,1.962807888,-0.5900293279,-0.3931529772,1.89769468,2.030878378
2018Q1,0.3040985078,2.04145,0.07216371281,2.036110482,-0.03650758324,0.1803636328,1.972694392,2.093979618
2018Q2,0.3218920849,2.49473,0.383186416,2.141115693,0.2869888447,0.4746400782,2.08293905,2.196455843
2018Q3,0.4305124962,2.41109,0.3659979106,2.705776872,0.250837437,0.4890160679,2.633604277,2.780860095
2018Q4,0.05183664217,2.2237,0.4751686726,2.37919349,0.3837097721,0.5593041904,2.308722287,2.446679876
2019Q1,0.1463523738,1.88229,0.1352584104,2.164115757,0.01786179276,0.2612396523,2.09492666,2.237089776
2019Q2,0.4513336449,1.6899,0.2406264244,1.798587922,0.1397673763,0.3356356246,1.725977182,1.873560584
2019Q3,1.094434852,1.57443,0.4987032055,1.697617904,0.403132663,0.5967525599,1.631669016,1.765062132
2019Q4,1.267335808,1.45313,1.072068639,1.603117708,0.9258376229,1.211525277,1.530569421,1.669005502
2020Q1,-0.5602534881,1.64912,1.140773278,1.337320558,0.9894241424,1.290553221,1.216781215,1.456498553
2020Q2,-8.830529953,0.72404,-0.6521190172,1.18580657,-0.9566445807,-0.3330706804,0.7129266182,1.629691315
2020Q3,-2.19623299,1.32448,-8.802988768,0.3076622098,-10.00611778,-7.528705276,-0.2959787431,0.8708100222
2020Q4,-1.53765187,1.63994,-1.707947303,1.884810613,-2.756666471,-0.7244186973,1.536457668,2.210287208
2021Q1,-0.5196137047,2.41736,-1.378570786,1.868900301,-1.515469847,-1.233722883,1.775982818,1.958509364
2021Q2,0.7118743245,4.41528,-0.4585804783,2.8467335,-0.6696631047,-0.253445199,2.714574456,2.98083266
2021Q3,0.9627372544,5.03921,0.5797707698,5.239399929,0.1781024853,0.9942201482,4.98204113,5.490600959
2021Q4,2.076730437,6.20729,0.8134627228,5.300166298,0.5698257627,1.068027994,5.125462461,5.480554578
2022Q1,1.231430588,7.00096,1.824858634,6.582396956,1.454331597,2.207064139,6.358229522,6.814196274
2022Q2,0.7671916887,7.76505,0.9399652271,7.13321158,0.6069636847,1.30307423,6.909648445,7.363172537
2022Q3,0.8187640224,7.34138,0.6312355026,7.922959138,0.2952341864,0.9682323201,7.695159679,8.157668167
2022Q4,0.8501023772,6.54737,0.9441514988,7.081481522,0.6567554068,1.229130597,6.827835126,7.324421206
2023Q1,1.023216844,5.38913,1.032876539,6.17106583,0.7697942844,1.312005779,5.921222257,6.412449237
2023Q2,0.8923461806,3.60022,1.136406742,4.867203501,0.8816127399,1.38265872,4.629895672,5.102694749
2023Q3,1.337139586,3.2764,1.008512755,2.885029472,0.6796497921,1.30352454,2.611697343,3.148291202
2023Q4,1.565795172,2.80174,1.357531951,3.174822082,1.24669731,1.464330435,3.090880864,3.257637787
2024Q1,1.257305512,2.68332,1.542778746,2.609755822,1.417636296,1.661144838,2.516196093,2.705050613
2024Q2,1.484138184,2.7896,1.202257395,2.643239699,1.080776521,1.317479758,2.580784502,2.705040876
2024Q3,1.620900151,2.34274,1.425769121,2.855794718,1.323442776,1.524728416,2.801283107,2.911492941
2024Q4,1.590858562,2.44135,1.575232493,2.185061921,1.444303252,1.697722361,2.096958891,2.273236775
2025Q1,1.006021935,2.42132,1.392023632,2.440446636,1.242149823,1.532200409,2.369109009,2.513273264
2025Q2,1.427033935,2.30386,0.8855339623,2.415384706,0.7390859595,1.031764753,2.339932624,2.489080931
2025Q3,1.827748043,2.77952,1.403968799,2.32001982,1.296041509,1.50731098,2.255147053,2.383776417
2025Q4,1.319777197,3.01431,1.72579569,2.970381478,1.588073515,1.872377493,2.8917714,3.048920983
2026Q1,1.374997979,3.02878,1.133067395,3.075069269,0.9770938977,1.284084295,2.992002686,3.157091808
2026Q2,1.400329071,4.02985,1.247330945,3.026718811,1.125367416,1.361354021,2.957142853,3.097771523
