Economy,Policy,Critic nodes,Actor nodes,SS reward
SVAR,"Linear, x1",2,1,-6.936787128448486
SVAR,"Nonlinear, x1",2,4,-2.373654842376709
SVAR,"Linear, x2",1,1,-11.067605018615723
SVAR,"Nonlinear, x2",2,1,-1.346125841140747
TVP-SVAR-SV,"Linear, x1",1,1,-29.195941925048828
TVP-SVAR-SV,"Nonlinear, x1",2,8,-33.84371566772461
TVP-SVAR-SV,"Linear, x2",2,1,-30.273757934570312
TVP-SVAR-SV,"Nonlinear, x2",2,8,-30.047870635986328
NARX,"Linear, x1",2,1,-17.551551818847656
NARX,"Nonlinear, x1",2,1,-8.937023162841797
NARX,"Linear, x2",1,1,-13.5130615234375
NARX,"Nonlinear, x2",1,1,-5.921037673950195
NSSM,"Linear, x1",1,1,-12.814870834350586
NSSM,"Nonlinear, x1",2,8,-12.822781562805176
NSSM,"Linear, x2",2,1,-13.063697814941406
NSSM,"Nonlinear, x2",1,1,-13.063742637634277
