Cell,Architecture,SS reward,Candidates,Episodes
SVAR: x1 linear,"critic 1, actor 1",-7.677719593048096,96,546
SVAR: x1 linear,"critic 2, actor 1",-6.936787128448486,113,629
SVAR: x1 nonlinear,"critic 1, actor 1",-4.310552597045898,61,375
SVAR: x1 nonlinear,"critic 1, actor 4",-226.7059326171875,5,288
SVAR: x1 nonlinear,"critic 1, actor 8",-11.255090713500977,50,375
SVAR: x1 nonlinear,"critic 2, actor 1",-2.8699090480804443,27,330
SVAR: x1 nonlinear,"critic 2, actor 4",-2.373654842376709,35,358
SVAR: x1 nonlinear,"critic 2, actor 8",-9.653900146484375,45,339
SVAR: x2 linear,"critic 1, actor 1",-11.067605018615723,61,359
SVAR: x2 linear,"critic 2, actor 1",-18.028675079345703,45,301
SVAR: x2 nonlinear,"critic 1, actor 1",-6.6697540283203125,68,449
SVAR: x2 nonlinear,"critic 1, actor 4",-3.3993260860443115,70,440
SVAR: x2 nonlinear,"critic 1, actor 8",-109.04409790039062,5,291
SVAR: x2 nonlinear,"critic 2, actor 1",-1.346125841140747,89,503
SVAR: x2 nonlinear,"critic 2, actor 4",-21.696706771850586,63,419
SVAR: x2 nonlinear,"critic 2, actor 8",-706.8657836914062,4,288
TVP-SVAR-SV: x1 linear,"critic 1, actor 1",-29.195941925048828,64,393
TVP-SVAR-SV: x1 linear,"critic 2, actor 1",-30.1463623046875,65,410
TVP-SVAR-SV: x1 nonlinear,"critic 1, actor 1",-34.945011138916016,71,410
TVP-SVAR-SV: x1 nonlinear,"critic 1, actor 4",-57.744747161865234,32,300
TVP-SVAR-SV: x1 nonlinear,"critic 1, actor 8",-34.933250427246094,66,405
TVP-SVAR-SV: x1 nonlinear,"critic 2, actor 1",-34.945011138916016,70,405
TVP-SVAR-SV: x1 nonlinear,"critic 2, actor 4",-34.945011138916016,65,389
TVP-SVAR-SV: x1 nonlinear,"critic 2, actor 8",-33.84371566772461,74,424
TVP-SVAR-SV: x2 linear,"critic 1, actor 1",-31.88836669921875,71,410
TVP-SVAR-SV: x2 linear,"critic 2, actor 1",-30.273757934570312,65,401
TVP-SVAR-SV: x2 nonlinear,"critic 1, actor 1",-34.945011138916016,69,405
TVP-SVAR-SV: x2 nonlinear,"critic 1, actor 4",-34.904205322265625,71,405
TVP-SVAR-SV: x2 nonlinear,"critic 1, actor 8",-32.3724479675293,67,401
TVP-SVAR-SV: x2 nonlinear,"critic 2, actor 1",-34.945011138916016,72,410
TVP-SVAR-SV: x2 nonlinear,"critic 2, actor 4",-34.945011138916016,71,405
TVP-SVAR-SV: x2 nonlinear,"critic 2, actor 8",-30.047870635986328,34,320
NARX: x1 linear,"critic 1, actor 1",-17.775827407836914,58,302
NARX: x1 linear,"critic 2, actor 1",-17.551551818847656,51,264
NARX: x1 nonlinear,"critic 1, actor 1",-9.014434814453125,52,276
NARX: x1 nonlinear,"critic 1, actor 4",-11.972975730895996,56,298
NARX: x1 nonlinear,"critic 1, actor 8",-15.415204048156738,52,281
NARX: x1 nonlinear,"critic 2, actor 1",-8.937023162841797,54,284
NARX: x1 nonlinear,"critic 2, actor 4",-11.972975730895996,53,293
NARX: x1 nonlinear,"critic 2, actor 8",-12.148061752319336,51,272
NARX: x2 linear,"critic 1, actor 1",-13.5130615234375,51,268
NARX: x2 linear,"critic 2, actor 1",-16.279800415039062,51,268
NARX: x2 nonlinear,"critic 1, actor 1",-5.921037673950195,58,304
NARX: x2 nonlinear,"critic 1, actor 4",-11.484516143798828,51,268
NARX: x2 nonlinear,"critic 1, actor 8",-9.936046600341797,56,289
NARX: x2 nonlinear,"critic 2, actor 1",-11.397087097167969,55,288
NARX: x2 nonlinear,"critic 2, actor 4",-11.484516143798828,52,276
NARX: x2 nonlinear,"critic 2, actor 8",-9.936046600341797,56,294
NSSM: x1 linear,"critic 1, actor 1",-12.814870834350586,28,364
NSSM: x1 linear,"critic 2, actor 1",-13.063742637634277,22,358
NSSM: x1 nonlinear,"critic 1, actor 1",-13.063742637634277,69,411
NSSM: x1 nonlinear,"critic 1, actor 4",-inf,0,251
NSSM: x1 nonlinear,"critic 1, actor 8",-13.063742637634277,70,420
NSSM: x1 nonlinear,"critic 2, actor 1",-13.063742637634277,67,407
NSSM: x1 nonlinear,"critic 2, actor 4",-13.063742637634277,58,399
NSSM: x1 nonlinear,"critic 2, actor 8",-12.822781562805176,70,420
NSSM: x2 linear,"critic 1, actor 1",-13.84321403503418,50,412
NSSM: x2 linear,"critic 2, actor 1",-13.063697814941406,49,398
NSSM: x2 nonlinear,"critic 1, actor 1",-13.063742637634277,45,363
NSSM: x2 nonlinear,"critic 1, actor 4",-13.063742637634277,70,414
NSSM: x2 nonlinear,"critic 1, actor 8",-13.063742637634277,70,414
NSSM: x2 nonlinear,"critic 2, actor 1",-13.063742637634277,72,416
NSSM: x2 nonlinear,"critic 2, actor 4",-13.063742637634277,71,418
NSSM: x2 nonlinear,"critic 2, actor 8",-inf,0,258
