Variable,Shock,h = 1,h = 4,h = 8,h = 16
Output gap,Output gap shock,0.9925626122309962,0.981726857978567,0.9741621775011139,0.9092813226511475
Output gap,Inflation shock,0.0004317662368174579,0.002252139742783516,0.011964073126479869,0.05490416467870485
Output gap,Policy rate shock,0.007005621532186425,0.01602100227864969,0.01387374937240633,0.03581451267014783
Inflation,Output gap shock,0.017094904620049367,0.07102198261274213,0.11763625266509393,0.1093171223398935
Inflation,Inflation shock,0.9814070515181146,0.9216109171456819,0.876223050792249,0.8315498220082925
Inflation,Policy rate shock,0.0014980438618361783,0.007367100241576033,0.006140696542657046,0.05913305565181375
Policy rate,Output gap shock,0.2736633642972237,0.44203283911811914,0.5338175755610353,0.5876907062303445
Policy rate,Inflation shock,0.05857534039176905,0.06358064014383615,0.06591462680536471,0.06556991661029324
Policy rate,Policy rate shock,0.6677612953110073,0.4943865207380448,0.4002677976336001,0.34673937715936226
