Equation,Parameter,cultivars (VAR + Cholesky),Equation-by-equation OLS,Absolute difference
Output gap equation,$C^y$,0.2608560503330943,0.2608560503330948,4.996003610813204e-16
Output gap equation,"$a^y_{i,1}$",0.20837442249473015,0.2083744224947298,3.608224830031759e-16
Output gap equation,"$a^y_{i,2}$",-0.23203163977531996,-0.23203163977532,2.7755575615628914e-17
Output gap equation,"$a^y_{\pi,1}$",-0.15935893210712557,-0.15935893210712554,2.7755575615628914e-17
Output gap equation,"$a^y_{\pi,2}$",0.11053408270490346,0.11053408270490395,4.85722573273506e-16
Output gap equation,"$a^y_{y,1}$",1.0054206420019705,1.0054206420019705,0.0
Output gap equation,"$a^y_{y,2}$",-0.09552709781237635,-0.09552709781237606,2.914335439641036e-16
Inflation equation,$C^\pi$,0.1352921272754073,0.13529212727540768,3.885780586188048e-16
Inflation equation,"$a^\pi_{i,1}$",0.056235664905570894,0.05623566490557034,5.551115123125783e-16
Inflation equation,"$a^\pi_{i,2}$",-0.07054103946122167,-0.07054103946122167,0.0
Inflation equation,"$a^\pi_{\pi,1}$",1.2331084758595487,1.2331084758595483,4.440892098500626e-16
Inflation equation,"$a^\pi_{\pi,2}$",-0.2631235538430462,-0.26312355384304736,1.1657341758564144e-15
Inflation equation,"$a^\pi_{y,0}$",-0.07387116583768567,-0.07387116583768472,9.575673587391975e-16
Inflation equation,"$a^\pi_{y,1}$",0.19068895536655522,0.1906889553665538,1.4155343563970746e-15
Inflation equation,"$a^\pi_{y,2}$",-0.09360957004385877,-0.09360957004385814,6.245004513516506e-16
