,Actual,Actual,Actual,TR93,TR93,TR93,NPP,NPP,NPP,BA,BA,BA
,ffr,pi,y,ffr,pi,y,ffr,pi,y,ffr,pi,y
date,,,,,,,,,,,,
1987-07-01,6.84,2.6612,-0.3208,6.84,2.6612,-0.3208,6.84,2.6612,-0.3208,6.84,2.6612,-0.3208
1987-10-01,6.92,2.9188,0.613,6.92,2.9188,0.613,6.92,2.9188,0.613,6.92,2.9188,0.613
1988-01-01,6.66,3.0658,0.3708,5.784,3.0658,0.3708,6.3169,3.0658,0.3708,5.9694,3.0658,0.3708
1988-04-01,7.16,3.3527,0.9322,6.443,3.3793,0.7481,7.1564,3.3632,0.8601,6.8476,3.3737,0.7871
1988-07-01,7.98,3.8021,0.7795,7.0596,3.8173,0.6674,7.9961,3.7996,0.7938,7.4538,3.8064,0.7442
1988-10-01,8.47,3.8706,1.3799,7.4803,3.9023,1.2538,8.446,3.8737,1.3975,8.1484,3.8914,1.3113
1989-01-01,9.44,4.1378,1.6734,8.0587,4.1833,1.5675,9.1293,4.1445,1.6804,8.9051,4.1586,1.6672
1989-04-01,9.73,4.2333,1.7205,8.2436,4.3069,1.5665,9.3319,4.2492,1.667,9.0853,4.2716,1.6779
1989-07-01,9.08,3.7532,1.7516,7.5817,3.8467,1.6233,8.3865,3.7703,1.692,8.4053,3.8019,1.7024
1989-10-01,8.61,3.5974,1.2395,7.1516,3.7157,1.1561,7.8194,3.6264,1.1331,7.6881,3.6564,1.2036
1990-01-01,8.25,3.6348,1.6381,7.4748,3.7813,1.6057,8.1108,3.6709,1.5381,8.139,3.7134,1.5689
1990-04-01,8.24,3.6912,1.3094,7.502,3.8492,1.4563,8.1227,3.7176,1.3751,8.074,3.7573,1.4381
1990-07-01,8.16,3.8212,0.6984,7.4506,4.0158,0.8538,8.1152,3.8662,0.7656,7.6725,3.9122,0.8042
1990-10-01,7.74,3.8547,-0.8722,6.7546,4.0744,-0.714,7.417,3.9071,-0.7946,6.1054,3.9658,-0.8433
1991-01-01,6.43,3.7519,-1.9726,6.0624,4.0009,-1.8781,6.6573,3.8191,-1.9617,4.6732,3.902,-2.1798
1991-04-01,5.86,3.355,-1.8342,5.5999,3.6013,-1.604,5.962,3.4068,-1.7032,4.2508,3.5086,-2.0121
1991-07-01,5.64,3.2796,-1.9586,5.4554,3.5464,-1.7286,5.7514,3.3443,-1.8743,4.1239,3.4491,-2.0497
1991-10-01,4.82,3.1238,-2.2426,5.0922,3.4028,-2.0238,5.2906,3.1878,-2.1699,3.7126,3.3222,-2.2706
1992-01-01,4.02,2.5032,-1.7074,4.4546,2.7769,-1.4215,4.3234,2.5547,-1.572,3.4687,2.7228,-1.6156
1992-04-01,3.77,2.3687,-1.2859,4.4613,2.6453,-1.0131,4.2447,2.4257,-1.2133,3.8449,2.6073,-1.0661
1992-07-01,3.26,2.0709,-0.9677,4.1613,2.3382,-0.6918,3.7911,2.1148,-0.877,3.8518,2.323,-0.6326
1992-10-01,3.04,2.1669,-0.6022,4.4609,2.4206,-0.34,4.1435,2.2025,-0.5231,4.4384,2.4275,-0.2029
1993-01-01,3.04,2.36,-1.1151,4.4735,2.5842,-0.8056,4.2681,2.3689,-0.9394,4.3007,2.6079,-0.6111
1993-04-01,3.0,2.3539,-1.2231,4.3454,2.5602,-0.9898,4.1692,2.3515,-1.0676,4.0679,2.6078,-0.8439
1993-07-01,3.06,2.4602,-1.4387,4.3106,2.639,-1.2958,4.2117,2.4417,-1.3432,3.8675,2.6996,-1.1819
1993-10-01,2.99,2.3154,-0.797,4.3237,2.4605,-0.7343,4.1722,2.2724,-0.7452,4.1411,2.5343,-0.6602
1994-01-01,3.21,2.2317,-0.5422,4.2483,2.3358,-0.511,4.0627,2.161,-0.5184,4.2345,2.4096,-0.3799
1994-04-01,3.94,2.117,0.094,4.2976,2.1928,0.0168,4.0664,2.029,0.0171,4.5847,2.2743,0.1733
1994-07-01,4.49,2.0967,-0.0379,4.0855,2.1522,-0.2856,3.8601,2.0001,-0.2802,4.2689,2.2347,-0.0831
1994-10-01,5.17,2.0931,0.3812,4.1855,2.1301,-0.0194,3.9787,1.9889,0.002,4.4666,2.2234,0.1316
1995-01-01,5.81,2.1584,0.0108,4.0351,2.1797,-0.469,3.8847,2.0501,-0.431,4.0832,2.2692,-0.3206
1995-04-01,6.02,2.1557,-0.4195,3.7741,2.1824,-0.9988,3.658,2.0637,-0.9389,3.4913,2.2775,-0.9249
1995-07-01,5.8,2.0734,-0.3028,3.7198,2.1079,-0.8842,3.5968,2.0011,-0.8109,3.4179,2.2071,-0.8927
1995-10-01,5.72,2.0123,-0.3688,3.6777,2.0536,-0.8054,3.553,1.9591,-0.7302,3.4064,2.1475,-0.8149
1996-01-01,5.36,1.9488,-0.3759,3.6738,2.0197,-0.7115,3.5551,1.9361,-0.6341,3.4593,2.1133,-0.7106
1996-04-01,5.24,1.8826,0.4879,4.1226,1.9788,0.3089,4.0053,1.9053,0.3894,4.4348,2.0739,0.3239
1996-07-01,5.31,1.7154,0.5446,4.0246,1.8356,0.5423,3.8563,1.7721,0.624,4.5455,1.9187,0.6674
1996-10-01,5.28,1.7679,0.7,4.2455,1.9346,0.6873,4.1436,1.8822,0.7585,4.8597,2.0183,0.8323
1997-01-01,5.28,1.8864,0.426,4.3586,2.0744,0.494,4.3482,2.0288,0.581,4.8581,2.154,0.6271
1997-04-01,5.52,1.667,1.1397,4.4446,1.8816,1.2444,4.3606,1.8431,1.3488,5.2553,1.9567,1.3202
1997-07-01,5.53,1.7773,1.4099,4.7779,2.0228,1.4873,4.7767,1.9958,1.5701,5.7161,2.0748,1.6038
1997-10-01,5.51,1.574,1.2629,4.4555,1.831,1.4182,4.3734,1.8078,1.5154,5.3275,1.8677,1.5258
1998-01-01,5.52,1.1141,1.2474,3.7736,1.4048,1.3328,3.4859,1.3914,1.4063,4.53,1.4274,1.3889
1998-04-01,5.5,1.1524,1.135,3.7615,1.4806,1.0811,3.5109,1.4784,1.1083,4.3101,1.4853,1.0822
1998-07-01,5.53,1.1387,1.3488,3.8872,1.4809,1.3317,3.6492,1.4814,1.3728,4.4705,1.4688,1.2673
1998-10-01,4.86,1.0876,1.9034,4.1497,1.4539,1.9375,3.9162,1.4619,1.9849,4.9975,1.4177,1.871
1999-01-01,4.73,1.2723,1.7742,4.4771,1.6424,2.0271,4.356,1.6586,2.0778,5.3766,1.5795,2.0072
1999-04-01,4.75,1.4151,1.5416,4.6492,1.8099,1.8685,4.634,1.8309,1.9442,5.4356,1.73,1.8407
1999-07-01,5.09,1.3451,1.8065,4.702,1.7604,2.1227,4.6821,1.7869,2.2167,5.5494,1.6645,2.0526
1999-10-01,5.31,1.6209,2.3878,5.3826,2.0563,2.5964,5.5205,2.0901,2.6804,6.4323,1.9362,2.5281
2000-01-01,5.68,1.9651,1.6819,5.558,2.3867,1.9561,5.8724,2.42,2.0649,6.2786,2.2398,1.9189
2000-04-01,6.27,2.2143,2.4819,6.3023,2.6461,2.6661,6.7552,2.6783,2.7972,7.2764,2.4899,2.5415
2000-07-01,6.52,2.4494,1.5901,6.1912,2.8708,1.7701,6.7558,2.9007,1.9087,6.72,2.6815,1.6977
2000-10-01,6.47,2.4331,1.2547,5.9495,2.8601,1.3188,6.4973,2.885,1.4547,6.1408,2.6659,1.142
2001-01-01,5.59,2.4295,0.0431,5.2988,2.8504,0.0463,5.816,2.8705,0.15,4.7729,2.6423,-0.1905
2001-04-01,4.33,2.4076,-0.1508,5.1644,2.8126,-0.109,5.6296,2.8241,-0.0371,4.4399,2.6069,-0.4704
2001-07-01,3.5,2.2127,-1.2979,4.3522,2.5807,-1.0378,4.6659,2.5825,-0.9981,3.1641,2.3656,-1.3842
2001-10-01,2.13,1.984,-1.7156,3.7725,2.3544,-1.5182,3.9341,2.3488,-1.5269,2.3294,2.1532,-1.9003
2002-01-01,1.73,1.6323,-1.5359,3.3235,1.9604,-1.2342,3.2523,1.9468,-1.2827,2.0678,1.7738,-1.5929
2002-04-01,1.75,1.3775,-1.5404,2.8595,1.6862,-1.3394,2.6189,1.6686,-1.4367,1.6905,1.5119,-1.5774
2002-07-01,1.74,1.4646,-1.7256,2.7703,1.7489,-1.706,2.541,1.7274,-1.8277,1.5425,1.6018,-1.8603
2002-10-01,1.44,1.7341,-2.1744,2.8473,1.9717,-2.2207,2.7293,1.9451,-2.3219,1.4547,1.8585,-2.333
2003-01-01,1.25,1.9113,-2.228,3.0232,2.0935,-2.234,2.9803,2.064,-2.2954,1.6945,2.0166,-2.3304
2003-04-01,1.25,1.914,-1.9387,3.1116,2.0469,-1.9177,3.0605,2.0185,-1.9531,2.0512,1.9999,-1.9487
2003-07-01,1.02,2.0079,-0.8951,3.6883,2.0972,-0.9151,3.6708,2.072,-0.9464,3.2707,2.0783,-0.8467
2003-10-01,1.0,2.0371,-0.3492,3.9517,2.0531,-0.2558,3.9193,2.0283,-0.2746,4.0532,2.0534,-0.0269
2004-01-01,1.0,2.2652,-0.4047,4.1698,2.2252,-0.3361,4.2275,2.2024,-0.3545,4.3682,2.249,-0.0053
2004-04-01,1.01,2.729,-0.2625,4.8144,2.6213,-0.2351,5.0777,2.5966,-0.2308,5.0923,2.672,0.0843
2004-07-01,1.43,2.7926,0.0402,4.9504,2.5953,0.1151,5.213,2.566,0.162,5.4056,2.6597,0.4161
2004-10-01,1.95,2.9624,0.407,5.2104,2.7004,0.3195,5.5242,2.6729,0.3566,5.774,2.7685,0.6212
2005-01-01,2.47,3.0501,0.8748,5.3876,2.7066,0.6552,5.6974,2.6752,0.6941,6.1027,2.7767,0.9377
2005-04-01,2.94,2.961,0.7442,5.0041,2.5367,0.3981,5.2164,2.5018,0.4258,5.5723,2.6022,0.669
2005-07-01,3.46,3.2449,0.9143,5.3162,2.7578,0.3592,5.6199,2.7206,0.3574,5.7885,2.8239,0.5527
2005-10-01,3.98,3.2925,0.868,5.2302,2.7252,0.2848,5.5069,2.6788,0.2984,5.5981,2.784,0.4221
2006-01-01,4.46,3.1994,1.6296,5.3466,2.5819,0.9475,5.5383,2.5321,0.9483,5.9837,2.6327,1.0347
2006-04-01,4.91,3.3564,1.3161,5.341,2.6892,0.6143,5.5688,2.6363,0.5922,5.8186,2.7208,0.7374
2006-07-01,5.25,3.138,0.9218,4.7554,2.4384,0.1956,4.8467,2.3782,0.1806,4.9564,2.4675,0.2552
2006-10-01,5.25,2.6632,1.2681,4.1531,1.9568,0.4358,3.9879,1.8964,0.3903,4.3887,1.9812,0.417
2007-01-01,5.26,2.9102,1.0531,4.4032,2.1962,0.2178,4.3378,2.1381,0.1231,4.5086,2.2052,0.2008
2007-04-01,5.25,2.7288,1.1514,4.2566,2.0017,0.5082,4.0967,1.9358,0.4503,4.4664,2.0056,0.458
2007-07-01,5.07,2.5738,1.2136,4.134,1.869,0.6611,3.9118,1.8074,0.5938,4.425,1.8608,0.6339
2007-10-01,4.5,2.6224,1.3389,4.3656,1.9394,0.9129,4.1851,1.881,0.8462,4.7845,1.9233,0.8995
2008-01-01,3.18,2.0321,0.4067,3.1591,1.3559,0.2504,2.7021,1.2991,0.2076,3.2533,1.3304,0.2577
2008-04-01,2.09,1.8185,0.5272,2.9945,1.1796,0.4503,2.4535,1.1364,0.3613,3.1149,1.1577,0.3783
2008-07-01,1.94,2.0279,-0.4457,2.9446,1.3912,-0.2845,2.5238,1.354,-0.3683,2.6894,1.3572,-0.3464
2008-10-01,0.51,1.8622,-3.0268,1.4587,1.2548,-2.8471,1.0031,1.2219,-2.8812,-0.1456,1.2258,-2.9843
2009-01-01,0.18,1.4064,-4.4863,0.0608,0.8162,-4.327,-0.5826,0.7966,-4.3517,-2.497,0.8203,-4.7274
2009-04-01,0.18,0.75,-4.9848,-1.2294,0.1992,-5.0563,-2.1585,0.1969,-5.1045,-4.246,0.2218,-5.5787
2009-07-01,0.16,0.1154,-4.9549,-2.2271,-0.3992,-5.2568,-3.4357,-0.3822,-5.3426,-5.2909,-0.3533,-5.7609
2009-10-01,0.12,0.1896,-4.2226,-1.7525,-0.2899,-4.6355,-2.8784,-0.2523,-4.7476,-4.3384,-0.2091,-5.0247
2010-01-01,0.13,0.5568,-4.0579,-0.9825,0.0894,-4.2331,-1.8613,0.141,-4.2864,-3.0956,0.2079,-4.4074
2010-04-01,0.19,1.2161,-3.4394,0.4984,0.7858,-3.3604,0.0447,0.8545,-3.3284,-0.922,0.9548,-3.3542
2010-07-01,0.19,1.4034,-3.0232,1.1988,0.9978,-2.5959,0.9349,1.0815,-2.4562,0.4209,1.2102,-2.3945
2010-10-01,0.19,1.6704,-2.8569,1.8136,1.3102,-2.3034,1.7671,1.4154,-2.1274,1.3894,1.5634,-1.9556
2011-01-01,0.16,1.8981,-3.4425,1.9356,1.5617,-2.8138,2.0574,1.68,-2.6053,1.3675,1.8537,-2.413
2011-04-01,0.09,2.0733,-3.1549,2.3468,1.7557,-2.5733,2.5907,1.8834,-2.3522,1.8894,2.0868,-2.2408
2011-07-01,0.08,2.3768,-3.5497,2.5989,2.0484,-2.9475,2.9977,2.1813,-2.7299,1.9725,2.3965,-2.6223
2011-10-01,0.07,1.9066,-2.8553,2.2026,1.5661,-2.2932,2.3583,1.6981,-2.0756,1.868,1.937,-2.0376
2012-01-01,0.1,1.9829,-2.4442,2.4253,1.6375,-2.0619,2.5871,1.7767,-1.9325,2.2475,2.0115,-1.7698
2012-04-01,0.15,1.7312,-2.422,1.9876,1.3489,-2.0717,1.9794,1.4807,-1.9641,1.8161,1.7326,-1.7828
2012-07-01,0.14,1.6773,-2.6986,1.6603,1.2815,-2.524,1.5895,1.4131,-2.4732,1.2369,1.6744,-2.2747
2012-10-01,0.16,2.0656,-3.008,1.9929,1.6433,-2.944,2.0809,1.77,-2.918,1.2846,2.0472,-2.7862
2013-01-01,0.14,1.873,-2.4864,1.9229,1.4089,-2.3809,1.8878,1.5261,-2.3289,1.4223,1.8197,-2.3072
2013-04-01,0.12,1.6726,-2.6644,1.4792,1.1873,-2.6036,1.3177,1.3066,-2.591,0.8896,1.5902,-2.4958
2013-07-01,0.08,1.6132,-2.2795,1.5039,1.1144,-2.3355,1.287,1.2326,-2.3563,1.0235,1.5252,-2.2643
2013-10-01,0.09,1.6414,-1.8814,1.7018,1.1108,-1.929,1.4708,1.2259,-1.962,1.4329,1.5204,-1.8476
2014-01-01,0.07,1.6232,-2.6785,1.2513,1.0651,-2.6926,0.9927,1.1779,-2.7262,0.6235,1.4713,-2.5834
2014-04-01,0.09,1.9786,-1.8882,2.1195,1.4148,-2.0054,2.0341,1.5275,-2.0419,1.7551,1.8343,-1.9963
2014-07-01,0.09,1.8984,-1.1762,2.3734,1.2844,-1.1065,2.2321,1.3917,-1.1028,2.4868,1.6906,-1.0491
2014-10-01,0.1,1.4629,-1.1645,1.7108,0.8304,-1.0695,1.3421,0.9414,-1.0815,1.905,1.2229,-0.9294
2015-01-01,0.11,1.0241,-0.7719,1.1592,0.391,-0.8546,0.5577,0.5078,-0.9158,1.4381,0.782,-0.7349
2015-04-01,0.12,1.0329,-0.6597,1.1418,0.3822,-0.863,0.5244,0.5033,-0.9643,1.3797,0.762,-0.7633
2015-07-01,0.14,0.886,-0.7663,0.834,0.2063,-0.9509,0.1362,0.3274,-1.037,0.9632,0.574,-0.8978
2015-10-01,0.16,0.7839,-1.0886,0.4882,0.0978,-1.3168,-0.2484,0.2263,-1.4021,0.3579,0.4511,-1.3188
2016-01-01,0.36,0.7513,-1.0239,0.4499,0.0634,-1.2903,-0.282,0.2001,-1.3642,0.2369,0.405,-1.3706
2016-04-01,0.37,0.8569,-1.2116,0.5163,0.1695,-1.4758,-0.1344,0.3152,-1.5296,0.1573,0.4933,-1.5827
2016-07-01,0.4,0.8475,-1.0119,0.6377,0.1603,-1.2055,0.0165,0.3146,-1.2253,0.3621,0.4725,-1.3466
2016-10-01,0.45,1.3374,-0.9596,1.447,0.6589,-1.0826,1.1066,0.8245,-1.085,1.2297,0.9546,-1.2022
2017-01-01,0.7,1.9426,-0.9714,2.4385,1.2565,-0.8925,2.4364,1.4251,-0.8275,2.3126,1.541,-0.999
2017-04-01,0.95,1.519,-0.9089,1.9129,0.8318,-0.6696,1.7362,1.0028,-0.5389,1.899,1.1048,-0.7582
2017-07-01,1.15,1.7803,-0.622,2.4088,1.131,-0.5755,2.3834,1.3173,-0.5021,2.4426,1.3919,-0.6452
2017-10-01,1.2,1.9133,-0.0019,2.9257,1.2462,0.1128,2.9596,1.4283,0.2062,3.2884,1.496,0.0443
2018-01-01,1.45,2.0415,0.3041,3.2965,1.361,0.51,3.3845,1.5427,0.5984,3.885,1.5893,0.5011
2018-04-01,1.74,2.4947,0.3219,3.9814,1.8122,0.5261,4.2857,1.9911,0.6072,4.5766,2.023,0.5421
2018-07-01,1.92,2.4111,0.4305,3.9085,1.7098,0.6875,4.1548,1.8788,0.7946,4.5327,1.9052,0.6748
2018-10-01,2.22,2.2237,0.0518,3.3864,1.5206,0.211,3.5141,1.6874,0.2786,3.718,1.6938,0.1773
2019-01-01,2.4,1.8823,0.1464,2.8267,1.1833,0.1034,2.751,1.3445,0.1239,2.9963,1.3419,-0.0166
2019-04-01,2.4,1.6899,0.4513,2.6125,0.9872,0.2634,2.4,1.1433,0.2266,2.7865,1.1237,0.1009
2019-07-01,2.19,1.5744,1.0944,2.7443,0.8611,0.9053,2.4382,1.0101,0.836,3.2057,0.9741,0.7446
2019-10-01,1.64,1.4531,1.2673,2.6943,0.7293,1.2007,2.303,0.8728,1.1149,3.3247,0.8149,1.1023
2020-01-01,1.26,1.6491,-0.5603,2.14,0.9235,-0.4905,1.8353,1.0643,-0.5866,1.9213,0.9896,-0.5631
2020-04-01,0.06,0.724,-8.8305,-3.3666,0.0195,-8.7915,-4.1194,0.1549,-8.8584,-7.9168,0.0943,-9.0582
2020-07-01,0.09,1.3245,-2.1962,0.6091,0.7562,-3.0504,0.2093,0.9059,-3.205,-1.801,0.935,-4.2035
2020-10-01,0.09,1.6399,-1.5377,1.7074,0.9255,-1.3616,1.4147,1.0614,-1.4164,0.6399,0.9934,-1.8502
2021-01-01,0.08,2.4174,-0.5196,3.5739,1.7497,-0.1011,3.7175,1.8901,-0.1253,3.5422,1.8297,-0.2024
2021-04-01,0.07,4.4153,0.7119,7.3478,3.7377,1.4824,8.5167,3.8703,1.5523,8.3973,3.8429,1.633
2021-07-01,0.09,5.0392,0.9627,8.6136,4.2743,2.4044,10.0992,4.3815,2.6723,10.3444,4.3865,2.7646
2021-10-01,0.08,6.2073,2.0767,10.8705,5.4144,3.4979,12.9192,5.5169,3.7708,13.2267,5.5277,3.9352
2022-01-01,0.12,7.001,1.2314,11.5172,6.0732,2.8148,13.8563,6.1443,3.1354,13.5402,6.1657,3.2916
2022-04-01,0.77,7.7651,0.7672,12.1183,6.7143,2.0937,14.6985,6.7526,2.3866,13.5837,6.7967,2.3887
2022-07-01,2.19,7.3414,0.8188,11.0735,6.1284,1.7619,13.2501,6.1219,2.0126,12.1297,6.1844,1.8531
2022-10-01,3.65,6.5474,0.8501,9.2837,5.2077,0.9445,10.8408,5.1662,1.0167,9.7366,5.2261,0.8974
2023-01-01,4.52,5.3891,1.0232,6.994,3.9121,0.2516,7.7241,3.83,0.1283,6.9063,3.9038,0.0506
2023-04-01,4.99,3.6002,0.8923,3.7148,1.9946,-0.5543,3.3128,1.8765,-0.8806,3.0793,1.9626,-0.8646
2023-07-01,5.26,3.2764,1.3371,3.032,1.6064,-0.7553,2.2816,1.4674,-1.3064,2.191,1.5611,-1.1506
2023-10-01,5.33,2.8017,1.5658,2.3458,1.0375,-0.421,1.2387,0.8644,-0.9801,1.663,0.9794,-0.8061
2024-01-01,5.33,2.6833,1.2573,2.0887,0.9121,-0.5589,0.903,0.7303,-1.1153,1.4153,0.8445,-0.8515
2024-04-01,5.33,2.7896,1.4841,2.5494,1.0493,-0.049,1.4636,0.8652,-0.5338,2.1905,0.9883,-0.292
2024-07-01,5.26,2.3427,1.6209,2.2276,0.6505,0.5038,1.0069,0.4723,0.1245,2.2531,0.5889,0.3697
2024-10-01,4.65,2.4414,1.5909,2.6161,0.8476,0.6895,1.5602,0.6915,0.3544,2.8421,0.7873,0.6611
2025-01-01,4.33,2.4213,1.006,2.6224,0.8927,0.5668,1.6715,0.7513,0.3378,2.8426,0.838,0.5856
2025-04-01,4.33,2.3039,1.427,2.9384,0.8796,1.2382,2.0654,0.7606,1.0883,3.4965,0.8304,1.251
2025-07-01,4.29,2.7795,1.8277,4.1038,1.4522,1.8511,3.5964,1.3572,1.7637,5.0184,1.392,1.9304
2025-10-01,3.9,3.0143,1.3198,4.4836,1.7524,1.71,4.2129,1.6722,1.737,5.3671,1.6812,1.8453
2026-01-01,3.64,3.0288,1.375,4.7578,1.8478,1.9721,4.6087,1.788,2.0656,5.7279,1.7734,2.0678
2026-04-01,3.63,4.0298,1.4003,6.4351,2.9197,2.1112,6.8744,2.8788,2.2336,7.4402,2.8293,2.1963
