Window,Policy,"$\Delta^2(\pi^*, \pi_t)$","$\Delta^2(y^*, y_t)$",Loss
1987Q3-2007Q2,Actual,0.8491673410562498,1.6214428281676383,1.235305084611944
1987Q3-2007Q2,TR93,0.8657939106890427,1.8610824797791405,1.3634381952340915
1987Q3-2007Q2,NPP,0.7246443572515648,1.9937062317974152,1.3591752945244902
1987Q3-2007Q2,BA,0.7836761884621746,1.5810658078257234,1.182370998143949
Full sample,Actual,1.6662242074185896,3.3128214517808954,2.4895228295997427
Full sample,TR93,1.6338181746635574,3.6957669177315338,2.6647925461975457
Full sample,NPP,1.4596918511792276,3.5990200826221472,2.5293559669006873
Full sample,BA,1.3752494641470552,3.1635895786662567,2.2694195214066557
"H&T (2021), Table 5",Actual,0.84,2.98,1.91
"H&T (2021), Table 5",TR93,0.91,3.01,1.96
"H&T (2021), Table 5",NPP,0.83,3.03,1.93
"H&T (2021), Table 5",BA,1.04,3.37,2.21
