quarter,y,pi,i,gdp_real,gdp_potential
1976Q3,-2.138749934,5.12509,5.28,6404.895,6544.873477
1976Q4,-2.203011995,5.24782,4.87,6451.177,6596.498657
1977Q1,-1.837689705,5.82167,4.66,6527.703,6649.907669
1977Q2,-0.7476242696,6.24506,5.16,6654.466,6704.591151
1977Q3,0.2124220698,6.16534,5.82,6774.457,6760.097062
1977Q4,-0.6237036069,6.55038,6.51,6774.592,6817.110564
1978Q1,-1.153416315,6.38766,6.76,6796.26,6875.563875
1978Q2,1.784126848,6.91374,7.28,7058.92,6935.187459
1978Q3,1.907520103,7.42221,8.1,7129.915,6996.456192
1978Q4,2.362614786,7.29959,9.58,7225.75,7058.973645
1979Q1,1.620221787,7.69183,10.07,7238.727,7123.313522
1979Q2,0.8508590431,8.25891,10.18,7246.454,7185.31708
1979Q3,0.7799791619,8.77888,10.95,7300.281,7243.781018
1979Q4,0.281196347,8.57668,13.58,7318.535,7298.013253
1980Q1,-0.07049994556,8.87291,15.05,7341.557,7346.736445
1980Q2,-2.700643833,8.79779,12.69,7190.289,7389.862876
1980Q3,-3.299045138,8.8476,9.84,7181.743,7426.755
1980Q4,-2.004222195,9.6483,15.85,7315.677,7465.298163
1981Q1,-0.6534583968,10.22078,16.57,7459.022,7508.084207
1981Q2,-1.98919626,9.79309,17.78,7403.745,7554.009066
1981Q3,-1.450917564,9.4157,17.58,7492.405,7602.714114
1981Q4,-3.182450437,8.48076,13.59,7410.768,7654.364352
1982Q1,-5.353350406,7.15053,14.23,7295.631,7708.282365
1982Q2,-5.599416679,6.43334,14.51,7328.912,7763.629993
1982Q3,-6.64042648,5.94913,11.01,7300.896,7820.189965
1982Q4,-7.290323313,5.22916,9.29,7303.817,7878.160361
1983Q1,-6.752467497,4.58556,8.65,7400.066,7935.937608
1983Q2,-5.333475551,4.00985,8.8,7568.456,7994.859898
1983Q3,-4.166463635,3.64579,9.46,7719.746,8055.370064
1983Q4,-2.927016895,3.35938,9.43,7880.794,8118.421571
1984Q1,-1.823939431,3.62393,9.69,8034.847,8184.120399
1984Q2,-0.9535593424,3.74107,10.56,8173.67,8252.361161
1984Q3,-0.839754654,3.56149,11.39,8252.465,8322.352341
1984Q4,-0.8773311286,3.55133,9.27,8320.199,8393.840778
1985Q1,-0.7710088642,3.52598,8.48,8400.82,8466.094338
1985Q2,-0.7503277323,3.30853,7.92,8474.787,8538.856408
1985Q3,-0.08909099729,3.01671,7.9,8604.22,8611.892421
1985Q4,-0.193529909,2.82385,8.1,8668.188,8684.996065
1986Q1,-0.1004946251,2.32355,7.83,8749.127,8757.928247
1986Q2,-0.4766693662,2.05415,6.92,8788.524,8830.616845
1986Q3,-0.3456793789,1.85745,6.21,8872.601,8903.378142
1986Q4,-0.6231168848,1.84322,6.27,8920.193,8976.124749
1987Q1,-0.6885239489,1.98742,6.22,8986.367,9048.669255
1987Q2,-0.4080650536,2.3067,6.65,9083.256,9120.473465
1987Q3,-0.3207520107,2.66122,6.84,9162.024,9191.50594
1987Q4,0.61298344,2.91876,6.92,9319.332,9262.554077
1988Q1,0.370772691,3.06577,6.66,9367.502,9332.898162
1988Q2,0.9322394568,3.35274,7.16,9490.594,9402.936119
1988Q3,0.7794572292,3.80207,7.98,9546.206,9472.372905
1988Q4,1.379886156,3.87063,8.47,9673.405,9541.739853
1989Q1,1.673377979,4.13782,9.44,9771.725,9610.898344
1989Q2,1.720503934,4.23326,9.73,9846.293,9679.752478
1989Q3,1.751594987,3.75316,9.08,9919.228,9748.474214
1989Q4,1.239507677,3.59741,8.61,9938.767,9817.083496
1990Q1,1.638050551,3.63475,8.25,10047.386,9885.457214
1990Q2,1.309432236,3.69116,8.24,10083.855,9953.520395
1990Q3,0.6984276999,3.82117,8.16,10090.569,10020.58248
1990Q4,-0.8721700167,3.85467,7.74,9998.704,10086.67697
1991Q1,-1.972593662,3.75192,6.43,9951.916,10152.1772
1991Q2,-1.834173878,3.35505,5.86,10029.51,10216.90582
1991Q3,-1.95860382,3.2796,5.64,10080.195,10281.57023
1991Q4,-2.242576413,3.1238,4.82,10115.329,10347.37683
1992Q1,-1.707365893,2.50317,4.02,10236.435,10414.24425
1992Q2,-1.285930467,2.36871,3.77,10347.429,10482.2231
1992Q3,-0.9677212247,2.07095,3.26,10449.673,10551.78486
1992Q4,-0.602206441,2.16693,3.04,10558.648,10622.61809
1993Q1,-1.115113006,2.36,3.04,10576.275,10695.54238
1993Q2,-1.223111669,2.35388,3,10637.847,10769.57088
1993Q3,-1.438744437,2.46018,3.06,10688.606,10844.63255
1993Q4,-0.7970352217,2.31536,2.99,10833.987,10921.03147
1994Q1,-0.5421761403,2.23172,3.21,10939.116,10998.74859
1994Q2,0.09399614046,2.11696,3.94,11087.361,11076.9491
1994Q3,-0.03794607616,2.0967,4.49,11152.176,11156.40942
1994Q4,0.3811956177,2.09305,5.17,11279.932,11237.09668
1995Q1,0.01077884145,2.15841,5.81,11319.951,11318.73097
1995Q2,-0.4194529923,2.15569,6.02,11353.721,11401.54512
1995Q3,-0.3027671882,2.07341,5.8,11450.31,11485.08306
1995Q4,-0.3688288387,2.01232,5.72,11528.067,11570.74324
1996Q1,-0.3758530403,1.94878,5.36,11614.418,11658.23583
1996Q2,0.4879092982,1.88255,5.24,11808.14,11750.80672
1996Q3,0.5445687739,1.71535,5.31,11914.063,11849.53414
1996Q4,0.6999737994,1.76794,5.28,12037.775,11954.09944
1997Q1,0.4260263807,1.88643,5.28,12115.472,12064.07585
1997Q2,1.139714812,1.66696,5.52,12317.221,12178.42172
1997Q3,1.409902266,1.77726,5.53,12471.01,12297.6255
1997Q4,1.262858455,1.574,5.51,12577.495,12420.6399
1998Q1,1.247427628,1.11409,5.52,12703.742,12547.22446
1998Q2,1.134978993,1.15237,5.5,12821.339,12677.45258
1998Q3,1.348785187,1.13872,5.53,12982.752,12809.97298
1998Q4,1.903390223,1.0876,4.86,13191.67,12945.27098
1999Q1,1.774238459,1.27232,4.73,13315.597,13083.46513
1999Q2,1.541563809,1.41511,4.75,13426.748,13222.90843
1999Q3,1.806527571,1.3451,5.09,13604.771,13363.35825
1999Q4,2.387795903,1.62094,5.31,13827.98,13505.49631
2000Q1,1.681944483,1.96514,5.68,13878.147,13648.58537
2000Q2,2.481939211,2.21427,6.27,14130.908,13788.68131
2000Q3,1.590139878,2.44944,6.52,14145.312,13923.90247
2000Q4,1.254716318,2.43313,6.47,14229.765,14053.43427
2001Q1,0.04306356909,2.42955,5.59,14183.12,14177.01487
2001Q2,-0.150849935,2.40761,4.33,14271.694,14293.25537
2001Q3,-1.297876678,2.21266,3.5,14214.516,14401.42879
2001Q4,-1.715592878,1.98399,2.13,14253.574,14502.37573
2002Q1,-1.535912797,1.6323,1.73,14372.785,14596.98191
2002Q2,-1.540416547,1.37748,1.75,14460.848,14687.09037
2002Q3,-1.725640875,1.46463,1.74,14519.633,14774.58935
2002Q4,-2.174364463,1.73414,1.44,14537.58,14860.70591
2003Q1,-2.227995502,1.91131,1.25,14614.141,14947.16312
2003Q2,-1.938725371,1.91396,1.25,14743.567,15035.05543
2003Q3,-0.8951039048,2.00793,1.02,14988.782,15124.15894
2003Q4,-0.3492157706,2.03709,1,15162.76,15215.89631
2004Q1,-0.4047496705,2.26521,1,15248.68,15310.6498
2004Q2,-0.2625371188,2.72905,1.01,15366.85,15407.29988
2004Q3,0.04015977627,2.79257,1.43,15512.619,15506.39167
2004Q4,0.406990155,2.96243,1.95,15670.88,15607.35958
2005Q1,0.8748048795,3.05015,2.47,15844.727,15707.31861
2005Q2,0.7441663167,2.96103,2.94,15922.782,15805.16528
2005Q3,0.9143086862,3.24492,3.46,16047.587,15902.19188
2005Q4,0.8679820044,3.29251,3.98,16136.734,15997.87532
2006Q1,1.629618114,3.19938,4.46,16353.835,16091.60332
2006Q2,1.316102779,3.35642,4.91,16396.151,16183.16393
2006Q3,0.9217550404,3.13805,5.25,16420.738,16270.76144
2006Q4,1.268135055,2.66316,5.25,16561.866,16354.46924
2007Q1,1.053058854,2.91019,5.26,16611.69,16438.58206
2007Q2,1.151432121,2.72883,5.25,16713.314,16523.06216
2007Q3,1.213635943,2.57376,5.07,16809.587,16608.02603
2007Q4,1.338861462,2.62239,4.5,16915.191,16691.7121
2008Q1,0.4067164867,2.03211,3.18,16843.003,16774.77722
2008Q2,0.5272173679,1.81848,2.09,16943.291,16854.43151
2008Q3,-0.4457126048,2.02788,1.94,16854.295,16929.75304
2008Q4,-3.026831303,1.86222,0.51,16485.35,16999.90855
2009Q1,-4.486292211,1.4064,0.18,16298.262,17063.79365
2009Q2,-4.984836679,0.74996,0.18,16269.145,17122.68277
2009Q3,-4.954934641,0.11539,0.16,16326.281,17177.41046
2009Q4,-4.222627857,0.18959,0.12,16502.754,17230.32657
2010Q1,-4.057948558,0.55679,0.13,16582.71,17284.08946
2010Q2,-3.439413504,1.21612,0.19,16743.162,17339.5405
2010Q3,-3.02319922,1.40337,0.19,16872.266,17398.24975
2010Q4,-2.856892523,1.6704,0.19,16960.864,17459.66795
2011Q1,-3.442535791,1.89811,0.16,16920.632,17523.89848
2011Q2,-3.154896686,2.0733,0.09,17035.114,17590.06229
2011Q3,-3.54974644,2.37679,0.08,17031.313,17658.13191
2011Q4,-2.855266103,1.90663,0.07,17222.583,17728.78705
2012Q1,-2.444172344,1.98289,0.1,17367.01,17802.12461
2012Q2,-2.421972727,1.73116,0.15,17444.525,17877.5135
2012Q3,-2.698593297,1.67726,0.14,17469.65,17954.15975
2012Q4,-3.008048174,2.06555,0.16,17489.852,18032.27141
2013Q1,-2.486430359,1.87301,0.14,17662.4,18112.76119
2013Q2,-2.664446767,1.67264,0.12,17709.671,18194.4525
2013Q3,-2.279487964,1.6132,0.08,17860.45,18277.0737
2013Q4,-1.881376036,1.64137,0.09,18016.147,18361.5977
2014Q1,-2.678462238,1.6232,0.07,17953.974,18448.09938
2014Q2,-1.888186455,1.97859,0.09,18185.911,18535.90342
2014Q3,-1.176245182,1.89836,0.09,18406.941,18626.02877
2014Q4,-1.164466934,1.46291,0.1,18500.031,18717.99587
2015Q1,-0.7718516765,1.02414,0.11,18666.621,18811.82035
2015Q2,-0.6596858939,1.03291,0.12,18782.243,18906.96961
2015Q3,-0.7662786732,0.88601,0.14,18857.418,19003.0342
2015Q4,-1.08863991,0.78391,0.16,18892.206,19100.13772
2016Q1,-1.023857062,0.75127,0.36,19001.69,19198.25267
2016Q2,-1.211572356,0.85692,0.37,19062.709,19296.50006
2016Q3,-1.011906243,0.84748,0.4,19197.938,19394.18901
2016Q4,-0.9595882772,1.33735,0.45,19304.352,19491.38908
2017Q1,-0.9714189223,1.94264,0.7,19398.343,19588.63066
2017Q2,-0.9088951445,1.51896,0.95,19506.949,19685.87294
2017Q3,-0.6219792735,1.78031,1.15,19660.766,19783.81724
2017Q4,-0.001916085827,1.91331,1.2,19882.352,19882.73297
2018Q1,0.3040985078,2.04145,1.45,20044.077,19983.30806
2018Q2,0.3218920849,2.49473,1.74,20150.476,20085.82133
2018Q3,0.4305124962,2.41109,1.92,20276.154,20189.23681
2018Q4,0.05183664217,2.2237,2.22,20304.874,20294.35409
2019Q1,0.1463523738,1.88229,2.4,20431.641,20401.78251
2019Q2,0.4513336449,1.6899,2.4,20602.275,20509.70779
2019Q3,1.094434852,1.57443,2.19,20843.322,20617.67498
2019Q4,1.267335808,1.45313,1.64,20985.448,20722.82028
2020Q1,-0.5602534881,1.64912,1.26,20709.212,20825.88977
2020Q2,-8.830529953,0.72404,0.06,19077.992,20925.85598
2020Q3,-2.19623299,1.32448,0.09,20558.879,21020.53901
2020Q4,-1.53765187,1.63994,0.09,20791.917,21116.61706
2021Q1,-0.5196137047,2.41736,0.08,21106.619,21216.86474
2021Q2,0.7118743245,4.41528,0.07,21474.077,21322.2891
2021Q3,0.9627372544,5.03921,0.09,21641.672,21435.30632
2021Q4,2.076730437,6.20729,0.08,22001.64,21554.02108
2022Q1,1.231430588,7.00096,0.12,21945.682,21678.72357
2022Q2,0.7671916887,7.76505,0.77,21976.292,21808.97535
2022Q3,0.8187640224,7.34138,2.19,22124.384,21944.70862
2022Q4,0.8501023772,6.54737,3.65,22272.546,22084.80257
2023Q1,1.023216844,5.38913,4.52,22456.938,22229.48219
2023Q2,0.8923461806,3.60022,4.99,22577.556,22377.86795
2023Q3,1.337139586,3.2764,5.26,22828.796,22527.57093
2023Q4,1.565795172,2.80174,5.33,23033.25,22678.15652
2024Q1,1.257305512,2.68332,5.33,23115.975,22828.94541
2024Q2,1.484138184,2.7896,5.33,23320.074,22979.03339
2024Q3,1.620900151,2.34274,5.26,23501.76,23126.89611
2024Q4,1.590858562,2.44135,4.65,23641.759,23271.54169
2025Q1,1.006021935,2.42132,4.33,23650.213,23414.65642
2025Q2,1.427033935,2.30386,4.33,23884.563,23548.51766
2025Q3,1.827748043,2.77952,4.29,24112.966,23680.15248
2025Q4,1.319777197,3.01431,3.9,24125.479,23811.2239
2026Q1,1.374997979,3.02878,3.64,24274.383,23945.13784
2026Q2,1.400329071,4.02985,3.63,24408.011,24070.93865
