date,actual,TR93,NPP,BA
1987-07-01,6.84,4.8315,5.1621,4.6711
1987-10-01,6.92,5.6846,6.144,5.9911
1988-01-01,6.66,5.784,6.3169,5.9694
1988-04-01,7.16,6.4952,7.1716,6.9613
1988-07-01,7.98,7.0928,7.9939,7.4826
1988-10-01,8.47,7.4959,8.4312,8.1858
1989-01-01,9.44,8.0434,9.1123,8.8801
1989-04-01,9.73,8.2101,9.3268,9.0704
1989-07-01,9.08,7.5055,8.3821,8.3813
1989-10-01,8.61,7.0159,7.8146,7.6356
1990-01-01,8.25,7.2712,8.0885,8.0902
1990-04-01,8.24,7.1915,8.037,7.8462
1990-07-01,8.16,7.081,7.9915,7.4302
1990-10-01,7.74,6.3459,7.2732,5.9098
1991-01-01,6.43,5.6416,6.5176,4.6553
1991-04-01,5.86,5.1155,5.793,4.1984
1991-07-01,5.64,4.9401,5.5799,3.9608
1991-10-01,4.82,4.5644,5.1263,3.4431
1992-01-01,4.02,3.9011,4.1527,3.0474
1992-04-01,3.77,3.9101,4.0945,3.2671
1992-07-01,3.26,3.6226,3.658,3.1387
1992-10-01,3.04,3.9493,4.0328,3.6482
1993-01-01,3.04,3.9824,4.1624,3.4249
1993-04-01,3.0,3.9193,4.0962,3.3077
1993-07-01,3.06,3.9709,4.201,3.2515
1993-10-01,2.99,4.0745,4.2322,3.676
1994-01-01,3.21,4.0765,4.1924,3.8054
1994-04-01,3.94,4.2224,4.2809,4.2694
1994-07-01,4.49,4.1261,4.1744,4.1071
1994-10-01,5.17,4.3302,4.3767,4.5208
1995-01-01,5.81,4.243,4.3222,4.2484
1995-04-01,6.02,4.0238,4.1016,3.8141
1995-07-01,5.8,3.9587,3.9954,3.8074
1995-10-01,5.72,3.8341,3.8402,3.6496
1996-01-01,5.36,3.7352,3.7096,3.5473
1996-04-01,5.24,4.0678,4.0091,4.3117
1996-07-01,5.31,3.8453,3.703,4.1176
1996-10-01,5.28,4.0019,3.8859,4.3519
1997-01-01,5.28,4.0427,3.9859,4.2557
1997-04-01,5.52,4.0703,3.9038,4.6402
1997-07-01,5.53,4.3708,4.2595,5.0758
1997-10-01,5.51,3.9924,3.7794,4.6239
1998-01-01,5.52,3.2948,2.8519,3.9186
1998-04-01,5.5,3.296,2.8722,3.8635
1998-07-01,5.53,3.3825,2.9518,4.0569
1998-10-01,4.86,3.5831,3.1269,4.5348
1999-01-01,4.73,3.7956,3.4318,4.6827
1999-04-01,4.75,3.8935,3.601,4.6642
1999-07-01,5.09,3.9209,3.5935,4.8242
1999-10-01,5.31,4.6253,4.4358,5.8192
2000-01-01,5.68,4.7887,4.7713,5.6297
2000-04-01,6.27,5.5624,5.6695,6.8033
2000-07-01,6.52,5.4692,5.6939,6.2643
2000-10-01,6.47,5.2771,5.4936,5.9044
2001-01-01,5.59,4.6659,4.8806,4.6874
2001-04-01,4.33,4.536,4.7398,4.4606
2001-07-01,3.5,3.67,3.7764,3.0211
2001-10-01,2.13,3.1182,3.1102,2.2604
2002-01-01,1.73,2.6805,2.4967,1.9125
2002-04-01,1.75,2.296,1.9848,1.5258
2002-07-01,1.74,2.3341,2.0664,1.4713
2002-10-01,1.44,2.514,2.3811,1.4268
2003-01-01,1.25,2.753,2.7086,1.639
2003-04-01,1.25,2.9016,2.8586,1.9322
2003-07-01,1.02,3.5643,3.5683,3.1168
2003-10-01,1.0,3.881,3.8996,3.7064
2004-01-01,1.0,4.1954,4.328,3.9931
2004-04-01,1.01,4.9623,5.3268,4.831
2004-07-01,1.43,5.2089,5.6052,5.229
2004-10-01,1.95,5.6471,6.1284,5.8506
2005-01-01,2.47,6.0126,6.5377,6.45
2005-04-01,2.94,5.8136,6.2941,6.1857
2005-07-01,3.46,6.3245,6.947,6.7817
2005-10-01,3.98,6.3728,7.019,6.8067
2006-01-01,4.46,6.6139,7.2136,7.4287
2006-04-01,4.91,6.6927,7.3709,7.3507
2006-07-01,5.25,6.168,6.737,6.6288
2006-10-01,5.25,5.6288,5.9604,6.2629
2007-01-01,5.26,5.8918,6.3469,6.4183
2007-04-01,5.25,5.669,6.0334,6.2447
2007-07-01,5.07,5.4675,5.7543,6.0743
2007-10-01,4.5,5.603,5.9142,6.2724
2008-01-01,3.18,4.2515,4.2676,4.4549
2008-04-01,2.09,3.9913,3.9006,4.2549
2008-07-01,1.94,3.819,3.8329,3.5961
2008-10-01,0.51,2.2799,2.211,0.7665
2009-01-01,0.18,0.8665,0.5697,-1.3767
2009-04-01,0.18,-0.3675,-0.9925,-2.8599
2009-07-01,0.16,-1.3044,-2.2467,-3.7819
2009-10-01,0.12,-0.8269,-1.7321,-2.9382
2010-01-01,0.13,-0.1938,-0.9154,-2.2228
2010-04-01,0.19,1.1045,0.7125,-0.6152
2010-07-01,0.19,1.5935,1.2951,0.0819
2010-10-01,0.19,2.0772,1.9124,0.6487
2011-01-01,0.16,2.1259,2.0749,0.4046
2011-04-01,0.09,2.5325,2.5691,0.955
2011-07-01,0.08,2.7903,2.9787,1.0154
2011-10-01,0.07,2.4323,2.3856,1.0047
2012-01-01,0.1,2.7523,2.7437,1.5302
2012-04-01,0.15,2.3858,2.2513,1.1748
2012-07-01,0.14,2.1666,2.0052,0.8173
2012-10-01,0.16,2.5943,2.6271,1.0903
2013-01-01,0.14,2.5663,2.5028,1.3231
2013-04-01,0.12,2.1767,2.0131,0.8445
2013-07-01,0.08,2.2801,2.0866,1.1403
2013-10-01,0.09,2.5214,2.3421,1.5807
2014-01-01,0.07,2.0956,1.9072,0.7563
2014-04-01,0.09,3.0238,3.0131,2.0797
2014-07-01,0.09,3.2594,3.2086,2.6713
2014-10-01,0.1,2.6121,2.3436,2.0299
2015-01-01,0.11,2.1503,1.6623,1.7644
2015-04-01,0.12,2.2195,1.736,1.8897
2015-07-01,0.14,1.9459,1.3889,1.5627
2015-10-01,0.16,1.6315,1.0235,1.0872
2016-01-01,0.36,1.615,0.9906,1.1031
2016-04-01,0.37,1.6796,1.1081,1.0738
2016-07-01,0.4,1.7653,1.189,1.2593
2016-10-01,0.45,2.5262,2.1949,2.0464
2017-01-01,0.7,3.4283,3.3996,2.9425
2017-04-01,0.95,2.824,2.5835,2.3696
2017-07-01,1.15,3.3595,3.2496,3.0485
2017-10-01,1.2,3.869,3.8257,3.8681
2018-01-01,1.45,4.2142,4.235,4.3663
2018-04-01,1.74,4.903,5.1504,5.064
2018-07-01,1.92,4.8319,5.0374,5.0472
2018-10-01,2.22,4.3615,4.4733,4.3874
2019-01-01,2.4,3.8966,3.8378,3.9698
2019-04-01,2.4,3.7605,3.6055,3.9862
2019-07-01,2.19,3.9089,3.6961,4.4561
2019-10-01,1.64,3.8134,3.5399,4.447
2020-01-01,1.26,3.1935,3.0181,2.9134
2020-04-01,0.06,-2.3292,-2.9672,-6.7445
2020-07-01,0.09,1.8886,1.5508,0.7905
2020-10-01,0.09,2.6911,2.5111,1.9223
2021-01-01,0.08,4.3662,4.5749,4.1064
2021-04-01,0.07,7.9789,9.1865,8.3348
2021-07-01,0.09,9.0402,10.5598,9.5216
2021-10-01,0.08,11.3493,13.4529,12.3877
2022-01-01,0.12,12.1172,14.6176,12.7329
2022-04-01,0.77,13.0312,15.9137,13.4148
2022-07-01,2.19,12.4214,15.0921,12.8308
2022-10-01,3.65,11.2461,13.5198,11.6712
2023-01-01,4.52,9.5953,11.2899,10.1069
2023-04-01,4.99,6.8465,7.6466,7.2927
2023-07-01,5.26,6.5832,7.2214,7.2517
2023-10-01,5.33,5.9855,6.3864,6.7684
2024-01-01,5.33,5.6536,5.9953,6.2823
2024-04-01,5.33,5.9265,6.3213,6.6685
2024-07-01,5.26,5.3246,5.4959,6.135
2024-10-01,4.65,5.4575,5.6781,6.2529
2025-01-01,4.33,5.135,5.3457,5.638
2025-04-01,4.33,5.1693,5.3212,5.8828
2025-07-01,4.29,6.0832,6.4729,6.997
2025-10-01,3.9,6.1814,6.6885,6.8412
2026-01-01,3.64,6.2307,6.7451,6.9182
2026-04-01,3.63,7.7449,8.7599,8.4451
