Economy,Policy,$\alpha_0$,$\beta_\pi$,$\beta_y$,$R^2$
Reference rules,TR93,1.0,1.5,0.5,1.0
Reference rules,NPP,0.0,2.0,0.5,1.0
Reference rules,BA,1.0,1.5,1.0,1.0
NARX,DDPG x1 linear,8.810266028480441,-0.8502177141351552,-2.300414701257895,0.8849370918743201
NARX,DDPG x1 nonlinear,3.209674952198937,0.24919131656346546,1.512039550221883,0.818658100033536
NARX,DDPG x2 linear,5.403504920804314,0.2850037288467341,-2.04341738387875,0.9793329225919735
NARX,DDPG x2 nonlinear,8.750133840204649,-0.43517501383018076,1.4150521062668495,0.7716279345450151
NSSM,DDPG x1 linear,3.4506943205440144,-0.7725358284822037,-0.5895172710197543,0.30682012195430053
NSSM,DDPG x1 nonlinear,3.7887964711681654,-0.824655229592986,-0.6922945188889411,0.3503129933838445
NSSM,DDPG x2 linear,4.473895366606437,-0.9723245812448753,-0.7875004909696628,0.35223489498485894
NSSM,DDPG x2 nonlinear,3.031516257666278,-0.6838469015604157,-0.5262263412524131,0.2649558019984426
SVAR,DDPG x1 linear,5.608925317361726,1.6208699521618883,1.0964258060246974,0.9205131663771831
SVAR,DDPG x1 nonlinear,5.845556388071507,0.519778136664829,2.057350495813322,0.9003470747712534
SVAR,DDPG x2 linear,5.440584477892056,1.979493780835797,1.0528240639429824,0.7094223217705771
SVAR,DDPG x2 nonlinear,7.99992232812832,-0.05191074453087118,1.262403613723376,0.8561187300395837
TVP-SVAR-SV,DDPG x1 linear,8.730670294225327,-0.988150743939796,-2.181967317012911,0.8664021489267143
TVP-SVAR-SV,DDPG x1 nonlinear,5.225754572438594,-1.0908617020982585,-0.882037632858457,0.5300673608979161
TVP-SVAR-SV,DDPG x2 linear,6.8919556434299345,0.10881432542202907,-2.5863655884139134,0.8674520503139587
TVP-SVAR-SV,DDPG x2 nonlinear,7.675333074784674,-0.13703216228492104,-2.5984872854841514,0.8550440791615971
NARX,SAC x1 nonlinear,8.248750617023914,-0.3585461409497316,0.4371687727040694,0.8421429428299447
NARX,SAC x2 nonlinear,7.92917241037142,-1.0925774272930406,1.4796428400543793,0.6827992700935666
NSSM,SAC x1 nonlinear,0.35811339269627596,-0.06768393088866614,-0.05197496031204502,0.43497992405983055
NSSM,SAC x2 nonlinear,0.807656325260207,-0.15903694038631533,-0.09908716973945571,0.34630310803983433
SVAR,SAC x1 nonlinear,5.778469586906393,0.3471428200027004,2.3699611797507405,0.8766241210954537
SVAR,SAC x2 nonlinear,0.6592167907663081,1.3552058357080559,0.9258456200964599,0.5873349390990051
TVP-SVAR-SV,SAC x1 nonlinear,0.4045935802561431,-0.047475487648785744,-0.044686425797540154,0.7324120558468479
TVP-SVAR-SV,SAC x2 nonlinear,4.2296196082597115,-0.734969646218862,-0.6868878615968989,0.6566702354335011
NARX,Q-learning x1 tabular,3.961215215869385,-0.28571428298834617,-0.05542986196090743,0.03124035695146621
NSSM,Q-learning x1 tabular,1.1586942223671866,0.14091788913329792,-0.31900451682946274,0.337345714382558
SVAR,Q-learning x1 tabular,5.294764036819596,-0.27472528081770153,0.37820512020109187,0.104880681457585
TVP-SVAR-SV,Q-learning x1 tabular,4.516483433809522,-0.4127343172362798,-0.6248114649964944,0.3453203117693273
