quarter,y,pi,y_hat,pi_hat
1988Q1,0.370772691,3.06577,0.5359046001,3.06584591
1988Q2,0.9322394568,3.35274,0.2487104705,3.352979862
1988Q3,0.7794572292,3.80207,0.8146319181,3.721493266
1988Q4,1.379886156,3.87063,0.556370432,3.946964968
1989Q1,1.673377979,4.13782,1.13608081,3.892097614
1989Q2,1.720503934,4.23326,1.322981776,4.052988006
1989Q3,1.751594987,3.75316,1.341771203,4.034048492
1989Q4,1.239507677,3.59741,1.427781357,3.603267749
1990Q1,1.638050551,3.63475,1.031878994,3.582806542
1990Q2,1.309432236,3.69116,1.379162559,3.776815174
1990Q3,0.6984276999,3.82117,1.100250168,3.788889132
1990Q4,-0.8721700167,3.85467,0.4540101166,3.891689029
1991Q1,-1.972593662,3.75192,-1.265365307,3.797735086
1991Q2,-1.834173878,3.35505,-1.921625441,3.354923967
1991Q3,-1.95860382,3.2796,-1.825560673,3.338656083
1991Q4,-2.242576413,3.1238,-1.876577226,2.937846794
1992Q1,-1.707365893,2.50317,-1.973632251,2.750239489
1992Q2,-1.285930467,2.36871,-1.655618083,2.368795359
1992Q3,-0.9677212247,2.07095,-1.329826904,2.227935559
1992Q4,-0.602206441,2.16693,-0.9861907437,1.869472029
1993Q1,-1.115113006,2.36,-0.5985243425,2.288547059
1993Q2,-1.223111669,2.35388,-1.152742899,2.428708233
1993Q3,-1.438744437,2.46018,-1.247955745,2.3295071
1993Q4,-0.7970352217,2.31536,-1.437861981,2.432585828
1994Q1,-0.5421761403,2.23172,-0.8290335883,2.249034559
1994Q2,0.09399614046,2.11696,-0.5470390329,2.16260897
1994Q3,-0.03794607616,2.0967,0.1855416302,2.091504558
1994Q4,0.3811956177,2.09305,0.004781071477,2.018032497
1995Q1,0.01077884145,2.15841,0.4652262357,2.0888179
1995Q2,-0.4194529923,2.15569,-0.009701721689,2.098243062
1995Q3,-0.3027671882,2.07341,-0.5265940426,1.98853779
1995Q4,-0.3688288387,2.01232,-0.3697117654,1.920866707
1996Q1,-0.3758530403,1.94878,-0.4345152826,1.861519012
1996Q2,0.4879092982,1.88255,-0.4169131818,1.773449544
1996Q3,0.5445687739,1.71535,0.6098653635,1.853503559
1996Q4,0.6999737994,1.76794,0.6902961758,1.57505933
1997Q1,0.4260263807,1.88643,0.8483173471,1.798409198
1997Q2,1.139714812,1.66696,0.5387111421,1.859495687
1997Q3,1.409902266,1.77726,1.258058631,1.777035884
1997Q4,1.262858455,1.574,1.454651211,1.863687218
1998Q1,1.247427628,1.11409,1.365033489,1.442508123
1998Q2,1.134978993,1.15237,1.394403965,1.152451454
1998Q3,1.348785187,1.13872,1.304700612,1.203541051
1998Q4,1.903390223,1.0876,1.465165004,1.173705528
1999Q1,1.774238459,1.27232,1.801111196,1.212286117
1999Q2,1.541563809,1.41511,1.730991343,1.471704861
1999Q3,1.806527571,1.3451,1.590718571,1.53328927
1999Q4,2.387795903,1.62094,1.735568177,1.354793182
2000Q1,1.681944483,1.96514,1.95626575,1.924384899
2000Q2,2.481939211,2.21427,1.613199261,2.082188011
2000Q3,1.590139878,2.44944,1.951240138,2.45242892
2000Q4,1.254716318,2.43313,1.496211351,2.473690748
2001Q1,0.04306356909,2.42955,1.245792922,2.429274997
2001Q2,-0.150849935,2.40761,0.0009276699304,2.258962683
2001Q3,-1.297876678,2.21266,-0.1665781081,2.395736122
2001Q4,-1.715592878,1.98399,-1.315115483,1.991355964
2002Q1,-1.535912797,1.6323,-1.570363968,1.81524659
2002Q2,-1.540416547,1.37748,-1.394569465,1.486105911
2002Q3,-1.725640875,1.46463,-1.374511711,1.314776368
2002Q4,-2.174364463,1.73414,-1.523039544,1.589251288
2003Q1,-2.227995502,1.91131,-1.809356235,1.915333087
2003Q2,-1.938725371,1.91396,-1.842793062,2.041478855
2003Q3,-0.8951039048,2.00793,-1.68568591,1.927400397
2003Q4,-0.3492157706,2.03709,-0.8094819342,2.210402647
2004Q1,-0.4047496705,2.26521,-0.1895376846,2.223385064
2004Q2,-0.2625371188,2.72905,-0.2876876658,2.506504062
2004Q3,0.04015977627,2.79257,-0.1849787646,3.020476785
2004Q4,0.406990155,2.96243,0.1468616128,2.86952177
2005Q1,0.8748048795,3.05015,0.5249007809,3.040149855
2005Q2,0.7441663167,2.96103,0.9834947903,3.088285823
2005Q3,0.9143086862,3.24492,0.8451123715,2.872346927
2005Q4,0.8679820044,3.29251,0.9603669554,3.247780356
2006Q1,1.629618114,3.19938,0.8879257899,3.134454107
2006Q2,1.316102779,3.35642,1.51875791,3.586891264
2006Q3,0.9217550404,3.13805,1.257905568,3.229865781
2006Q4,1.268135055,2.66316,0.9086845017,3.33818666
2007Q1,1.053058854,2.91019,1.275035539,2.862167631
2007Q2,1.151432121,2.72883,1.061089864,2.920270255
2007Q3,1.213635943,2.57376,1.169721434,3.063771044
2007Q4,1.338861462,2.62239,1.244874471,2.944853205
2008Q1,0.4067164867,2.03211,1.358930456,2.691189312
2008Q2,0.5272173679,1.81848,0.592701117,1.647930846
2008Q3,-0.4457126048,2.02788,0.7972253368,1.866923197
2008Q4,-3.026831303,1.86222,-0.3475331781,2.314615477
2009Q1,-4.486292211,1.4064,-2.117204556,1.710404964
2009Q2,-4.984836679,0.74996,-2.313505855,1.117064219
2009Q3,-4.954934641,0.11539,-2.336360916,0.6095395617
2009Q4,-4.222627857,0.18959,-2.331453503,0.3467106923
2010Q1,-4.057948558,0.55679,-2.279745674,0.6284200045
2010Q2,-3.439413504,1.21612,-2.266973845,0.939588738
2010Q3,-3.02319922,1.40337,-2.187893738,1.715269867
2010Q4,-2.856892523,1.6704,-2.09856686,1.617790438
2011Q1,-3.442535791,1.89811,-2.059980143,1.953801152
2011Q2,-3.154896686,2.0733,-2.20292516,2.02628899
2011Q3,-3.54974644,2.37679,-2.149627779,2.270842335
2011Q4,-2.855266103,1.90663,-2.22886706,2.513023446
2012Q1,-2.444172344,1.98289,-2.06650954,1.701233255
2012Q2,-2.421972727,1.73116,-1.923432666,2.139339873
2012Q3,-2.698593297,1.67726,-1.901880614,1.6807627
2012Q4,-3.008048174,2.06555,-2.007874806,1.72385417
2013Q1,-2.486430359,1.87301,-2.114982949,2.311769705
2013Q2,-2.664446767,1.67264,-1.936226008,1.877420046
2013Q3,-2.279487964,1.6132,-1.995263564,1.60071139
2013Q4,-1.881376036,1.64137,-1.827330151,1.685821335
2014Q1,-2.678462238,1.6232,-1.598890076,1.850324097
2014Q2,-1.888186455,1.97859,-1.997457007,1.607829272
2014Q3,-1.176245182,1.89836,-1.629635082,2.322408712
2014Q4,-1.164466934,1.46291,-1.044955662,2.036927593
2015Q1,-0.7718516765,1.02414,-0.9824307658,1.348226741
2015Q2,-0.6596858939,1.03291,-0.5014644623,1.038650326
2015Q3,-0.7662786732,0.88601,-0.3729559261,1.280309059
2015Q4,-1.08863991,0.78391,-0.4774984165,1.071958143
2016Q1,-1.023857062,0.75127,-0.8231516263,0.978442283
2016Q2,-1.211572356,0.85692,-0.7581982148,1.012339936
2016Q3,-1.011906243,0.84748,-0.9682115336,1.125802556
2016Q4,-0.9595882772,1.33735,-0.759425215,1.092262673
2017Q1,-0.9714189223,1.94264,-0.7681552114,1.808925543
2017Q2,-0.9088951445,1.51896,-0.8681705537,2.436120358
2017Q3,-0.6219792735,1.78031,-0.7586474429,1.38372766
2017Q4,-0.001916085827,1.91331,-0.4811691874,2.050637377
2018Q1,0.3040985078,2.04145,0.2320833311,2.161368667
2018Q2,0.3218920849,2.49473,0.5552933012,2.276764706
2018Q3,0.4305124962,2.41109,0.5013645295,2.831088342
2018Q4,0.05183664217,2.2237,0.6254581345,2.481291601
2019Q1,0.1463523738,1.88229,0.2030817858,2.154310426
2019Q2,0.4513336449,1.6899,0.3530550859,1.743740957
2019Q3,1.094434852,1.57443,0.7200564136,1.663716033
2019Q4,1.267335808,1.45313,1.338871901,1.688268796
2020Q1,-0.5602534881,1.64912,1.491900731,1.682354137
2020Q2,-8.830529953,0.72404,-0.3965618498,2.227892835
2020Q3,-2.19623299,1.32448,-2.378680961,0.1754624423
2020Q4,-1.53765187,1.63994,-1.766226155,2.220075531
2021Q1,-0.5196137047,2.41736,-1.342887562,1.964309186
2021Q2,0.7118743245,4.41528,-0.4001512686,2.975491806
2021Q3,0.9627372544,5.03921,0.7522102569,3.9411093
2021Q4,2.076730437,6.20729,0.9320938379,3.903981573
2022Q1,1.231430588,7.00096,1.679736113,4.003568486
2022Q2,0.7671916887,7.76505,0.96519721,4.010386323
2022Q3,0.8187640224,7.34138,0.336758947,4.521464437
2022Q4,0.8501023772,6.54737,0.3883697178,4.502829947
2023Q1,1.023216844,5.38913,0.4649842943,4.448227911
2023Q2,0.8923461806,3.60022,0.7680119572,4.230818946
2023Q3,1.337139586,3.2764,0.8337757264,2.859352847
2023Q4,1.565795172,2.80174,1.271384134,3.455392645
2024Q1,1.257305512,2.68332,1.483857228,2.996274453
2024Q2,1.484138184,2.7896,1.261520412,3.027832656
2024Q3,1.620900151,2.34274,1.427284728,2.959506847
2024Q4,1.590858562,2.44135,1.558336017,2.566961771
2025Q1,1.006021935,2.42132,1.547414806,2.539073207
2025Q2,1.427033935,2.30386,1.106009989,2.352762741
2025Q3,1.827748043,2.77952,1.456780389,2.288590353
2025Q4,1.319777197,3.01431,1.673583844,3.054628051
2026Q1,1.374997979,3.02878,1.326733905,3.039848732
2026Q2,1.400329071,4.02985,1.376114058,2.986101177
