quarter,y,pi,i
1987Q3,-0.3207520107,2.66122,6.84
1987Q4,0.61298344,2.91876,6.92
1988Q1,0.370772691,3.06577,5.969427691
1988Q2,0.9666782672,3.362173058,7.009937854
1988Q3,0.8203876559,3.821340216,7.55239798
1988Q4,1.440777978,3.900619729,8.291707571
1989Q1,1.74110317,4.177367494,9.007154411
1989Q2,1.807384605,4.284079659,9.233504094
1989Q3,1.860115952,3.81845994,8.587805862
1989Q4,1.368635659,3.67888482,7.886962889
1990Q1,1.798463509,3.736369755,8.403018141
1990Q2,1.456275711,3.804074704,8.162387767
1990Q3,0.8432510772,3.940092471,7.753389784
1990Q4,-0.7130513466,3.983485636,6.262177107
1991Q1,-1.746306711,3.908573261,5.11655318
1991Q2,-1.551066475,3.550569307,4.774787486
1991Q3,-1.632227084,3.514428203,4.63941522
1991Q4,-1.879024412,3.396152355,4.215204121
1992Q1,-1.328072114,2.806941946,3.882340805
1992Q2,-0.9152637966,2.69313588,4.124440024
1992Q3,-0.6305000379,2.402481229,3.973221806
1992Q4,-0.3157314671,2.492305508,4.422726794
1993Q1,-0.9114876745,2.662287401,4.081943427
1993Q2,-1.082945702,2.626372708,3.856613361
1993Q3,-1.350683935,2.703756311,3.704950532
1993Q4,-0.7486891206,2.533163494,4.05105612
1994Q1,-0.5528113498,2.41952939,4.076482736
1994Q2,0.03609807898,2.272503278,4.444852996
1994Q3,-0.1232697259,2.224467816,4.213431999
1994Q4,0.3086687664,2.206910816,4.619034991
1995Q1,-0.03523780172,2.27165301,4.372241713
1995Q2,-0.3953186592,2.287096096,4.035325484
1995Q3,-0.1832037887,2.243300045,4.181746279
1995Q4,-0.1751405722,2.227491116,4.166096102
1996Q1,-0.1139548283,2.209873642,4.200855634
1996Q2,0.7957437161,2.185208147,5.073555937
1996Q3,0.8468481282,2.04296561,4.911296543
1996Q4,1.007835856,2.112070609,5.175941769
1997Q1,0.7242739859,2.241449343,5.086448
1997Q2,1.432778988,2.030064994,5.477876479
1997Q3,1.690163399,2.145616018,5.908587427
1997Q4,1.509504384,1.939550461,5.418830076
1998Q1,1.484707109,1.477271837,4.700614865
1998Q2,1.399473379,1.525629801,4.68791808
1998Q3,1.639286422,1.530650551,4.935262249
1998Q4,2.208046424,1.498344961,5.455563865
1999Q1,2.032940321,1.684471346,5.55964734
1999Q2,1.743641536,1.811703887,5.461197366
1999Q3,1.95952035,1.719518947,5.53879877
1999Q4,2.506402856,1.974204246,6.467709225
2000Q1,1.732070882,2.288705061,6.165128473
2000Q2,2.499349148,2.509056593,7.262934038
2000Q3,1.550904272,2.712152162,6.619132515
2000Q4,1.205418975,2.670959885,6.211858802
2001Q1,0.002317085024,2.654918708,4.984695147
2001Q2,-0.1656405882,2.631794641,4.782051374
2001Q3,-1.339999945,2.427647052,3.301470633
2001Q4,-1.751777943,2.189519168,2.532500809
2002Q1,-1.59605079,1.824143436,2.140164364
2002Q2,-1.624036916,1.550359426,1.701502224
2002Q3,-1.808907434,1.622760095,1.625232708
2002Q4,-2.253643331,1.882698465,1.570404367
2003Q1,-2.315384585,2.049332928,1.758614807
2003Q2,-2.052662435,2.034590714,1.999223636
2003Q3,-1.046592174,2.10311974,3.108087436
2003Q4,-0.6035964184,2.084001195,3.522405374
2004Q1,-0.7802592449,2.240877305,3.581056712
2004Q2,-0.7577418119,2.620590897,4.173144534
2004Q3,-0.599147961,2.585615331,4.279275035
2004Q4,-0.3552685936,2.650980209,4.62120172
2005Q1,0.0036351982,2.634874202,4.955946501
2005Q2,-0.2218478882,2.444516301,4.444926563
2005Q3,-0.09317515236,2.641690649,4.869360821
2005Q4,-0.1732893221,2.614679403,4.748729783
2006Q1,0.5889738319,2.460766305,5.280123289
2006Q2,0.2748972186,2.565801027,5.12359876
2006Q3,-0.08856354693,2.307472611,4.372645369
2006Q4,0.3433258639,1.816770155,4.068481096
2007Q1,0.2273611471,2.06919434,4.331152658
2007Q2,0.409887399,1.901446426,4.262057038
2007Q3,0.5569830038,1.764522993,4.203767494
2007Q4,0.7587020493,1.833847674,4.50947356
2008Q1,-0.14281826,1.254523132,2.738966438
2008Q2,0.02983328864,1.050796352,2.606027817
2008Q3,-0.9400766687,1.260736088,1.951027463
2008Q4,-3.493071427,1.094290712,-0.8516353587
2009Q1,-4.856569888,0.6598085511,-2.866857061
2009Q2,-5.177761049,0.06514822733,-4.080038708
2009Q3,-4.915414508,-0.4643149622,-4.611886951
2009Q4,-3.932779516,-0.2521713551,-3.311036549
2010Q1,-3.593435779,0.2530576485,-2.213849306
2010Q2,-2.861545948,1.030655114,-0.3155632776
2010Q3,-2.428910025,1.299665738,0.5205885823
2010Q4,-2.290118894,1.613732315,1.130479579
2011Q1,-2.934147328,1.862363139,0.8593973807
2011Q2,-2.69203231,2.047570822,1.379323923
2011Q3,-3.161028283,2.349108022,1.36263375
2011Q4,-2.538644234,1.867520065,1.262635864
2012Q1,-2.193272005,1.928438999,1.699386494
2012Q2,-2.255246299,1.653213392,1.224573789
2012Q3,-2.5874338,1.575843019,0.7763307291
2012Q4,-2.928811391,1.948272615,0.9935975316
2013Q1,-2.447871871,1.741343474,1.16414334
2013Q2,-2.674823197,1.52231849,0.6086545382
2013Q3,-2.310565001,1.447915196,0.8613077927
2013Q4,-1.946939687,1.460948374,1.244482874
2014Q1,-2.795999351,1.420055665,0.3340841459
2014Q2,-2.01160193,1.759186336,1.627177575
2014Q3,-1.368524098,1.652527269,2.110266805
2014Q4,-1.447544493,1.172025386,1.310493585
2015Q1,-1.102268043,0.6886770014,0.9307474593
2015Q2,-1.01591861,0.6623480711,0.9776034966
2015Q3,-1.148781743,0.4850160837,0.5787423829
2015Q4,-1.475237139,0.3593374873,0.06376909212
2016Q1,-1.387238314,0.3153808366,0.08583294112
2016Q2,-1.543128812,0.4200913283,0.08700818015
2016Q3,-1.311893857,0.4152258027,0.3109448471
2016Q4,-1.238494921,0.9097824653,1.126178777
2017Q1,-1.267989145,1.508861569,1.995303209
2017Q2,-1.253464508,1.062336034,1.340039543
2017Q3,-0.9677981606,1.303399869,1.987301643
2017Q4,-0.3707977568,1.416324646,2.753689213
2018Q1,-0.1225935084,1.511885049,3.145234065
2018Q2,-0.1676213449,1.921520323,3.71465914
2018Q3,-0.1333436962,1.785053272,3.544236213
2018Q4,-0.566003611,1.543920163,2.749876634
2019Q1,-0.4684512197,1.164866916,2.278849154
2019Q2,-0.1271749468,0.9559745024,2.306786807
2019Q3,0.5503867755,0.835606337,2.803796281
2019Q4,0.7218246978,0.7045721591,2.778682937
2020Q1,-1.133148309,0.8783679747,1.184403653
2020Q2,-9.369127943,-0.05958917935,-8.458511712
2020Q3,-2.279965354,0.6545189459,-0.2981869352
2020Q4,-1.584829926,1.072549436,1.023994228
2021Q1,-0.5993422957,1.884311627,3.227125145
2021Q2,0.4891756603,3.855349866,7.272200459
2021Q3,0.3986796504,4.361017816,7.940206375
2021Q4,1.149396135,5.341644535,10.16186294
2022Q1,-0.1579996888,5.884050339,9.66807582
2022Q2,-1.041555356,6.361922649,9.501328619
2022Q3,-1.352575223,5.64785458,8.119206648
2022Q4,-1.529277326,4.599768119,6.370374852
2023Q1,-1.393683335,3.257629133,4.492760365
2023Q2,-1.420003312,1.365789239,1.628680546
2023Q3,-0.7043941685,1.031711991,1.843173819
2023Q4,-0.2080260732,0.6050452106,1.699541743
2024Q1,-0.2452817233,0.5642672222,1.60111911
2024Q2,0.2498041426,0.7674549028,2.400986497
2024Q3,0.6066678159,0.4199824473,2.236641487
2024Q4,0.7941997221,0.6206338756,2.725150535
2025Q1,0.364917163,0.6938980674,2.405764264
2025Q2,0.9358139227,0.6638122045,2.93153223
2025Q3,1.454817147,1.220728887,4.285910477
2025Q4,0.9910743356,1.514876161,4.263388576
2026Q1,1.069843659,1.568993755,4.423334291
2026Q2,1.096343811,2.595491481,5.989581033
