quarter,Actual,TR93,NPP,BA
1987Q3,6.84,4.831453995,5.162063995,4.671077989
1987Q4,6.92,5.68463172,6.14401172,5.99112344
1988Q1,6.66,5.784041346,6.316926346,5.969427691
1988Q2,7.16,6.495229728,7.171599728,6.961349457
1988Q3,7.98,7.092833615,7.993868615,7.482562229
1988Q4,8.47,7.495888078,8.431203078,8.185831156
1989Q1,9.44,8.043418989,9.112328989,8.880107979
1989Q2,9.73,8.210141967,9.326771967,9.070393934
1989Q3,9.08,7.505537494,8.382117493,8.381334987
1989Q4,8.61,7.015868839,7.814573839,7.635622677
1990Q1,8.25,7.271150276,8.088525276,8.090175551
1990Q2,8.24,7.191456118,8.037036118,7.846172236
1990Q3,8.16,7.08096885,7.99155385,7.4301827
1990Q4,7.74,6.345919992,7.273254992,5.909834983
1991Q1,6.43,5.641583169,6.517543169,4.655286338
1991Q2,5.86,5.115488061,5.793013061,4.198401122
1991Q3,5.64,4.94009809,5.57989809,3.96079618
1991Q4,4.82,4.564411794,5.126311794,3.443123587
1992Q1,4.02,3.901072053,4.152657053,3.047389107
1992Q2,3.77,3.910099767,4.094454767,3.267134533
1992Q3,3.26,3.622564388,3.658039388,3.138703775
1992Q4,3.04,3.949291779,4.032756779,3.648188559
1993Q1,3.04,3.982443497,4.162443497,3.424886994
1993Q2,3,3.919264166,4.096204166,3.307708331
1993Q3,3.06,3.970897781,4.200987781,3.251525563
1993Q4,2.99,4.074522389,4.232202389,3.676004778
1994Q1,3.21,4.07649193,4.19235193,3.80540386
1994Q2,3.94,4.22243807,4.28091807,4.26943614
1994Q3,4.49,4.126076962,4.174426962,4.107103924
1994Q4,5.17,4.330172809,4.376697809,4.520770618
1995Q1,5.81,4.243004421,4.322209421,4.248393841
1995Q2,6.02,4.023808504,4.101653504,3.814082008
1995Q3,5.8,3.958731406,3.995436406,3.807347812
1995Q4,5.72,3.834065581,3.840225581,3.649651161
1996Q1,5.36,3.73524348,3.70963348,3.54731696
1996Q2,5.24,4.067779649,4.009054649,4.311734298
1996Q3,5.31,3.845309387,3.702984387,4.117593774
1996Q4,5.28,4.0018969,3.8858669,4.351883799
1997Q1,5.28,4.04265819,3.98587319,4.255671381
1997Q2,5.52,4.070297406,3.903777406,4.640154812
1997Q3,5.53,4.370841133,4.259471133,5.075792266
1997Q4,5.51,3.992429228,3.779429228,4.623858455
1998Q1,5.52,3.294848814,2.851893814,3.918562628
1998Q2,5.5,3.296044496,2.872229496,3.863533993
1998Q3,5.53,3.382472593,2.951832593,4.056865187
1998Q4,4.86,3.583095111,3.126895111,4.534790223
1999Q1,4.73,3.79559923,3.431759229,4.682718459
1999Q2,4.75,3.893446905,3.601001905,4.664228809
1999Q3,5.09,3.920913785,3.593463786,4.824177571
1999Q4,5.31,4.625307951,4.435777952,5.819205903
2000Q1,5.68,4.788682242,4.771252242,5.629654483
2000Q2,6.27,5.562374606,5.669509606,6.803344211
2000Q3,6.52,5.469229939,5.693949939,6.264299878
2000Q4,6.47,5.277053159,5.493618159,5.904411318
2001Q1,5.59,4.665856785,4.880631785,4.687388569
2001Q2,4.33,4.535990032,4.739795033,4.460565065
2001Q3,3.5,3.670051661,3.776381661,3.021113322
2001Q4,2.13,3.118188561,3.110183561,2.260392122
2002Q1,1.73,2.680493602,2.496643602,1.912537203
2002Q2,1.75,2.296011726,1.984751727,1.525803453
2002Q3,1.74,2.334124563,2.066439563,1.471304125
2002Q4,1.44,2.514027769,2.381097769,1.426845537
2003Q1,1.25,2.752967249,2.708622249,1.638969498
2003Q2,1.25,2.901577314,2.858557315,1.932214629
2003Q3,1.02,3.564343048,3.568308048,3.116791095
2003Q4,1,3.881027115,3.899572115,3.706419229
2004Q1,1,4.195440165,4.328045165,3.99306533
2004Q2,1.01,4.962306441,5.326831441,4.831037881
2004Q3,1.43,5.208934888,5.605219888,5.229014776
2004Q4,1.95,5.647140078,6.128355078,5.850635155
2005Q1,2.47,6.01262744,6.53770244,6.450029879
2005Q2,2.94,5.813628158,6.294143158,6.185711317
2005Q3,3.46,6.324534343,6.946994343,6.781688686
2005Q4,3.98,6.372756002,7.019011002,6.806747004
2006Q1,4.46,6.613879057,7.213569057,7.428688114
2006Q2,4.91,6.692681389,7.370891389,7.350732779
2006Q3,5.25,6.16795252,6.73697752,6.62883004
2006Q4,5.25,5.628807528,5.960387528,6.262875055
2007Q1,5.26,5.891814427,6.346909427,6.418343854
2007Q2,5.25,5.66896106,6.033376061,6.244677121
2007Q3,5.07,5.467457972,5.754337972,6.074275943
2007Q4,4.5,5.603015731,5.914210731,6.272446462
2008Q1,3.18,4.251523243,4.267578243,4.454881487
2008Q2,2.09,3.991328684,3.900568684,4.254937368
2008Q3,1.94,3.818963698,3.832903698,3.596107395
2008Q4,0.51,2.279914349,2.211024349,0.766498697
2009Q1,0.18,0.8664538945,0.5696538945,-1.376692211
2009Q2,0.18,-0.3674783395,-0.9924983395,-2.859896679
2009Q3,0.16,-1.304382321,-2.24668732,-3.781849641
2009Q4,0.12,-0.8269289285,-1.732133928,-2.938242857
2010Q1,0.13,-0.193789279,-0.915394279,-2.222763558
2010Q2,0.19,1.104473248,0.712533248,-0.615233504
2010Q3,0.19,1.59345539,1.29514039,0.08185578
2010Q4,0.19,2.077153739,1.912353739,0.648707477
2011Q1,0.16,2.125897104,2.074952104,0.404629209
2011Q2,0.09,2.532501657,2.569151657,0.955053314
2011Q3,0.08,2.79031178,2.97870678,1.01543856
2011Q4,0.07,2.432311949,2.385626949,1.004678897
2012Q1,0.1,2.752248828,2.743693828,1.530162656
2012Q2,0.15,2.385753637,2.251333637,1.174767273
2012Q3,0.14,2.166593351,2.005223351,0.817296703
2012Q4,0.16,2.594300913,2.627075913,1.090276826
2013Q1,0.14,2.566299821,2.502804821,1.323084641
2013Q2,0.12,2.176736617,2.013056617,0.844513233
2013Q3,0.08,2.280056018,2.086656018,1.140312036
2013Q4,0.09,2.521366982,2.342051982,1.580678964
2014Q1,0.07,2.095568881,1.907168881,0.756337762
2014Q2,0.09,3.023791773,3.013086773,2.079698545
2014Q3,0.09,3.259417409,3.208597409,2.671294818
2014Q4,0.1,2.612131533,2.343586533,2.029898066
2015Q1,0.11,2.150284162,1.662354162,1.764358324
2015Q2,0.12,2.219522053,1.735977053,1.889679106
2015Q3,0.14,1.945875663,1.388880663,1.562736327
2015Q4,0.16,1.631545045,1.023500045,1.08722509
2016Q1,0.36,1.614976469,0.990611469,1.103047938
2016Q2,0.37,1.679593822,1.108053822,1.073807644
2016Q3,0.4,1.765266878,1.189006878,1.259313757
2016Q4,0.45,2.526230861,2.194905861,2.046436723
2017Q1,0.7,3.428250539,3.399570539,2.942541078
2017Q2,0.95,2.823992428,2.583472428,2.369544856
2017Q3,1.15,3.359475363,3.249630363,3.048485727
2017Q4,1.2,3.869006957,3.825661957,3.868048914
2018Q1,1.45,4.214224254,4.234949254,4.366273508
2018Q2,1.74,4.903041042,5.150406042,5.063987085
2018Q3,1.92,4.831891248,5.037436248,5.047147496
2018Q4,2.22,4.361468321,4.473318321,4.387386642
2019Q1,2.4,3.896611187,3.837756187,3.969787374
2019Q2,2.4,3.760516822,3.605466822,3.986183645
2019Q3,2.19,3.908862426,3.696077426,4.456079852
2019Q4,1.64,3.813362904,3.539927904,4.447030808
2020Q1,1.26,3.193553256,3.018113256,2.913426512
2020Q2,0.06,-2.329204976,-2.967184976,-6.744469953
2020Q3,0.09,1.888603505,1.550843505,0.79048701
2020Q4,0.09,2.691084065,2.511054065,1.92225813
2021Q1,0.08,4.366233148,4.574913148,4.106426295
2021Q2,0.07,7.978857162,9.186497162,8.334794325
2021Q3,0.09,9.040183627,10.55978863,9.521552254
2021Q4,0.08,11.34930022,13.45294522,12.38766544
2022Q1,0.12,12.11715529,14.61763529,12.73287059
2022Q2,0.77,13.03117084,15.91369584,13.41476669
2022Q3,2.19,12.42145201,15.09214201,12.83083402
2022Q4,3.65,11.24610619,13.51979119,11.67115738
2023Q1,4.52,9.595303422,11.28986842,10.10691184
2023Q2,4.99,6.84650309,7.64661309,7.292676181
2023Q3,5.26,6.583169793,7.221369793,7.251739586
2023Q4,5.33,5.985507586,6.386377586,6.768405172
2024Q1,5.33,5.653632756,5.995292756,6.282285512
2024Q2,5.33,5.926469092,6.321269092,6.668538184
2024Q3,5.26,5.324560076,5.495930076,6.135010151
2024Q4,4.65,5.457454281,5.678129281,6.252883562
2025Q1,4.33,5.134990968,5.345650968,5.638001935
2025Q2,4.33,5.169306967,5.321236967,5.882823935
2025Q3,4.29,6.083154022,6.472914022,6.997028043
2025Q4,3.9,6.181353599,6.688508599,6.841242197
2026Q1,3.64,6.230668989,6.745058989,6.918167979
2026Q2,3.63,7.744939535,8.759864536,8.445104071
